{
  "n_fills": 92.0,
  "n_states": 5161.0,
  "total_realized_pnl": 1018356.6861898741,
  "total_unrealized_pnl": -110064.46056937717,
  "net_pnl": -23625.014555654372,
  "total_commission": 931917.2401761513,
  "total_slippage": 1128277.7540332433,
  "total_impact": 577140.8591504026,
  "sharpe_ratio": -0.010376450443907323,
  "sortino_ratio": -0.04079261935533413,
  "calmar_ratio": -28063.04664545785,
  "max_drawdown": 0.9999893313351129,
  "max_drawdown_duration": 87.0,
  "annualized_vol": 2704465.0193163995,
  "var_95": 79176.1340315195,
  "expected_shortfall_95": 156837.56107419246,
  "fill_rate": 0.9896140133312664,
  "cancel_rate": 0.9774011299435028,
  "is_bps": 9.46337223105719,
  "vwap_diff_bps": -27.87470664036588,
  "avg_slippage_bps": 9.20014165204391,
  "avg_market_impact_bps": 3.9885218497972095,
  "timing_score": 0.3804347826086957,
  "partial_fill_rate": 0.0035310734463276836,
  "maker_fill_ratio": 0.0,
  "avg_latency_ms": 1.4951324750248032,
  "annualized_turnover": 24.62532144392769,
  "avg_holding_period": 5041.0,
  "iqm_return": 4.816448799275661,
  "alpha_contribution": 0.0,
  "execution_contribution": 2156514.7580704014,
  "cost_contribution": -2060194.9942093946,
  "timing_contribution": -848694.6218609859,
  "alpha_fraction": -0.0
}