{
  "n_fills": 53.0,
  "n_states": 4173.0,
  "total_realized_pnl": 119076402.83294505,
  "total_unrealized_pnl": 12307675.866404857,
  "net_pnl": 129890233.18503375,
  "total_commission": 1493845.5143161514,
  "total_slippage": 429391.8350435746,
  "total_impact": 179411.16926247062,
  "sharpe_ratio": 5.384726159944701,
  "sortino_ratio": 1905.0899935246437,
  "calmar_ratio": 629502322.9630044,
  "max_drawdown": 0.9999806480173402,
  "max_drawdown_duration": 3.0,
  "annualized_vol": 116902906.87900658,
  "var_95": 58022.24841267656,
  "expected_shortfall_95": 78243.22049824893,
  "fill_rate": 1.9094630387671563,
  "cancel_rate": 0.9845119812974868,
  "is_bps": 2.163615398767979,
  "vwap_diff_bps": 0.047546950590864535,
  "avg_slippage_bps": -0.2579718881473117,
  "avg_market_impact_bps": 0.9893449818280233,
  "timing_score": 0.6981132075471698,
  "partial_fill_rate": 0.0,
  "maker_fill_ratio": 0.0,
  "avg_latency_ms": 1.46982390475399,
  "annualized_turnover": 71.03527813780875,
  "avg_holding_period": 2070.5,
  "iqm_return": -1.594116614332142,
  "alpha_contribution": 0.0,
  "execution_contribution": 3804073.1550429915,
  "cost_contribution": -1923237.349359726,
  "timing_contribution": -592876.5902390652,
  "alpha_fraction": 0.0
}