{
  "n_fills": 109.0,
  "n_states": 5161.0,
  "total_realized_pnl": -1005271.5903774463,
  "total_unrealized_pnl": -11484.392603755463,
  "net_pnl": -1930667.7905610793,
  "total_commission": 913911.8075798776,
  "total_slippage": 781948.6713087729,
  "total_impact": 573857.9426571706,
  "sharpe_ratio": -8.856559444250482,
  "sortino_ratio": -8.992969197608708,
  "calmar_ratio": -4460826.46498744,
  "max_drawdown": 0.9999994769280196,
  "max_drawdown_duration": 108.0,
  "annualized_vol": 503674.6108614438,
  "var_95": 72088.62105867994,
  "expected_shortfall_95": 108154.65602044725,
  "fill_rate": 1.0,
  "cancel_rate": 0.9526315789473684,
  "is_bps": 10.335528467646729,
  "vwap_diff_bps": 13.149980302102746,
  "avg_slippage_bps": 3.9835389225123414,
  "avg_market_impact_bps": 3.0687274171377297,
  "timing_score": 0.3761467889908257,
  "partial_fill_rate": 0.004093567251461989,
  "maker_fill_ratio": 0.0,
  "avg_latency_ms": 1.5174320297780188,
  "annualized_turnover": 20.582186279772507,
  "avg_holding_period": 5041.0,
  "iqm_return": 4.698577822728731,
  "alpha_contribution": 0.0,
  "execution_contribution": 1907963.762634751,
  "cost_contribution": -1695860.4788886504,
  "timing_contribution": -1193349.5763223113,
  "alpha_fraction": -0.0
}