{
  "n_fills": 113.0,
  "n_states": 5161.0,
  "total_realized_pnl": 118782664.39120835,
  "total_unrealized_pnl": -8443646.63747476,
  "net_pnl": 108030572.51444994,
  "total_commission": 2308445.239283645,
  "total_slippage": 1343009.7092013669,
  "total_impact": 1364424.4678228223,
  "sharpe_ratio": 2.2226074391034953,
  "sortino_ratio": 83.486936889331,
  "calmar_ratio": 243119815.97841322,
  "max_drawdown": 0.9999873644118488,
  "max_drawdown_duration": 71.0,
  "annualized_vol": 109383573.42788793,
  "var_95": 555898.8384940728,
  "expected_shortfall_95": 635870.0392951071,
  "fill_rate": 2.332128659197687,
  "cancel_rate": 0.9415204678362573,
  "is_bps": 7.996935709508089,
  "vwap_diff_bps": -27.45587353575223,
  "avg_slippage_bps": -2.681758166410198,
  "avg_market_impact_bps": 3.7982850402211534,
  "timing_score": 0.5132743362831859,
  "partial_fill_rate": 0.01063264221158958,
  "maker_fill_ratio": 0.0,
  "avg_latency_ms": 1.517510735664677,
  "annualized_turnover": 50.88499564968325,
  "avg_holding_period": 5041.0,
  "iqm_return": -3.90918102923053
}