{
  "n_fills": 28.0,
  "n_states": 5161.0,
  "total_realized_pnl": 3533114.22951524,
  "total_unrealized_pnl": -41227.300295133115,
  "net_pnl": 3076418.3967160666,
  "total_commission": 415468.53250404034,
  "total_slippage": 1098568.2430620126,
  "total_impact": 438078.0688828202,
  "sharpe_ratio": 2.2673083221083696,
  "sortino_ratio": 35.6502180094833,
  "calmar_ratio": 29162610.39170586,
  "max_drawdown": 0.9999854509764825,
  "max_drawdown_duration": 24.0,
  "annualized_vol": 12862029.31460311,
  "var_95": 112626.12656113562,
  "expected_shortfall_95": 191366.54696546472,
  "fill_rate": 1.0,
  "cancel_rate": 0.9923371647509579,
  "is_bps": 19.731440413616593,
  "vwap_diff_bps": 72.45696682403934,
  "avg_slippage_bps": 34.68448672085264,
  "avg_market_impact_bps": 9.193662778870465,
  "timing_score": 0.25,
  "partial_fill_rate": 0.0009578544061302681,
  "maker_fill_ratio": 0.0,
  "avg_latency_ms": 1.4999069329019303,
  "annualized_turnover": 36.53246713692113,
  "avg_holding_period": 5040.0,
  "iqm_return": 17.057405995989303,
  "alpha_contribution": 0.0,
  "execution_contribution": 1166824.5874422365,
  "cost_contribution": -1514036.7755660529,
  "timing_contribution": -478270.8153734673,
  "alpha_fraction": -0.0
}