{
  "n_fills": 95.0,
  "n_states": 5161.0,
  "total_realized_pnl": 45046482.67813757,
  "total_unrealized_pnl": -5365678.485296506,
  "net_pnl": 38798844.157292,
  "total_commission": 881960.0355490681,
  "total_slippage": 743416.5063627876,
  "total_impact": 238286.17094590003,
  "sharpe_ratio": 2.4338444848213516,
  "sortino_ratio": 70.0295152214153,
  "calmar_ratio": 104053281.94841747,
  "max_drawdown": 0.9999981189211404,
  "max_drawdown_duration": 54.0,
  "annualized_vol": 42752561.58103553,
  "var_95": 245531.61391557826,
  "expected_shortfall_95": 320651.6130304545,
  "fill_rate": 2.3147232801231667,
  "cancel_rate": 0.9787899084617102,
  "is_bps": 6.073457504362327,
  "vwap_diff_bps": 71.66744327102742,
  "avg_slippage_bps": -0.14900893254950504,
  "avg_market_impact_bps": 0.8302890774300719,
  "timing_score": 0.7263157894736842,
  "partial_fill_rate": 0.0008930564858227283,
  "maker_fill_ratio": 0.0,
  "avg_latency_ms": 1.4973905813509516,
  "annualized_turnover": 22.567728374586014,
  "avg_holding_period": 5041.0,
  "iqm_return": -1.2997550079279907
}