{
  "n_fills": 23.0,
  "n_states": 5161.0,
  "total_realized_pnl": 9665649.820461601,
  "total_unrealized_pnl": -282.6540343312081,
  "net_pnl": 9274047.958786042,
  "total_commission": 391319.2076412266,
  "total_slippage": 564272.1522751921,
  "total_impact": 55367.822860033164,
  "sharpe_ratio": -17.443830777783052,
  "sortino_ratio": -20.148134401588567,
  "calmar_ratio": -218921699.02765283,
  "max_drawdown": 0.029515940259505588,
  "max_drawdown_duration": 22.0,
  "annualized_vol": 370427.7960687075,
  "var_95": 65331.29149416955,
  "expected_shortfall_95": 65599.62895917427,
  "fill_rate": 0.9994363021420518,
  "cancel_rate": 0.9915442812639075,
  "is_bps": 7.0691661656740274,
  "vwap_diff_bps": -3.7568631315594567,
  "avg_slippage_bps": 10.43033166396096,
  "avg_market_impact_bps": 1.4636916547055754,
  "timing_score": 0.8260869565217391,
  "partial_fill_rate": 0.0,
  "maker_fill_ratio": 0.0,
  "avg_latency_ms": 1.481364475089947,
  "annualized_turnover": 40.097558349663885,
  "avg_holding_period": 5041.0,
  "iqm_return": 13.135734471197539,
  "alpha_contribution": 0.0,
  "execution_contribution": 876111.912098387,
  "cost_contribution": -955591.3599164187,
  "timing_contribution": -112255.49309351371,
  "alpha_fraction": -0.0
}