{
  "n_fills": 208.0,
  "n_states": 5161.0,
  "total_realized_pnl": 137035328.60148278,
  "total_unrealized_pnl": -95966691.25185843,
  "net_pnl": 37379049.08645113,
  "total_commission": 3689588.263173221,
  "total_slippage": 6192303.331453312,
  "total_impact": 5792694.529961515,
  "sharpe_ratio": 0.5895226180414995,
  "sortino_ratio": 4.830686959188331,
  "calmar_ratio": 45535894.22454289,
  "max_drawdown": 0.9999997608366248,
  "max_drawdown_duration": 137.0,
  "annualized_vol": 77241961.44552206,
  "var_95": 1677648.2481875939,
  "expected_shortfall_95": 2324352.226160949,
  "fill_rate": 2.005463433336528,
  "cancel_rate": 0.944640434192673,
  "is_bps": 19.726234938867634,
  "vwap_diff_bps": 20.370016180354757,
  "avg_slippage_bps": 10.47081525409093,
  "avg_market_impact_bps": 10.358917966046896,
  "timing_score": 0.28365384615384615,
  "partial_fill_rate": 0.010312075983717774,
  "maker_fill_ratio": 0.0,
  "avg_latency_ms": 1.4803160429109867,
  "annualized_turnover": 45.719936922060796,
  "avg_holding_period": 5040.0,
  "iqm_return": 7.259489668677976
}