{
  "n_fills": 114.0,
  "n_states": 4071.0,
  "total_realized_pnl": 79100411.40921944,
  "total_unrealized_pnl": -1229565.0928336668,
  "net_pnl": 75979012.9673362,
  "total_commission": 1891833.3490495817,
  "total_slippage": 678599.8657795982,
  "total_impact": 146978.22801342755,
  "sharpe_ratio": 2.8872319411229923,
  "sortino_ratio": 77.41666642014445,
  "calmar_ratio": 169453836.5040652,
  "max_drawdown": 0.9999750749164736,
  "max_drawdown_duration": 83.0,
  "annualized_vol": 58689296.98357689,
  "var_95": 362784.0463382332,
  "expected_shortfall_95": 432771.797700502,
  "fill_rate": 1.4327094474153297,
  "cancel_rate": 0.9527654420670165,
  "is_bps": 3.0020190221636294,
  "vwap_diff_bps": 39.61150779527292,
  "avg_slippage_bps": -2.583581607392458,
  "avg_market_impact_bps": 0.45435258309019044,
  "timing_score": 0.6578947368421053,
  "partial_fill_rate": 0.0,
  "maker_fill_ratio": 0.0,
  "avg_latency_ms": 1.4920857479097178,
  "annualized_turnover": 40.69931697899112,
  "avg_holding_period": 4071.0,
  "iqm_return": -1.2551015549915732,
  "alpha_contribution": 0.0,
  "execution_contribution": 3425238.817514183,
  "cost_contribution": -2570433.21482918,
  "timing_contribution": -1460501.1646639968,
  "alpha_fraction": -0.0
}