{
  "n_fills": 55.0,
  "n_states": 4173.0,
  "total_realized_pnl": 79478845.34546047,
  "total_unrealized_pnl": -6101848.435351243,
  "net_pnl": 72050936.46973506,
  "total_commission": 1326060.4403741818,
  "total_slippage": 392136.17749253754,
  "total_impact": 148717.22673364283,
  "sharpe_ratio": 4.009433610478724,
  "sortino_ratio": 53.598123560753145,
  "calmar_ratio": 2968925112.1645584,
  "max_drawdown": 0.1132594998107437,
  "max_drawdown_duration": 21.0,
  "annualized_vol": 83866951.25727868,
  "var_95": 1091877.5736115724,
  "expected_shortfall_95": 1161482.2821946095,
  "fill_rate": 1.819931452675982,
  "cancel_rate": 0.9709148598625066,
  "is_bps": 2.4096941613572245,
  "vwap_diff_bps": 19.229263468174985,
  "avg_slippage_bps": -0.8513883686293224,
  "avg_market_impact_bps": 0.864807656051138,
  "timing_score": 0.7272727272727273,
  "partial_fill_rate": 0.0026441036488630354,
  "maker_fill_ratio": 0.0,
  "avg_latency_ms": 1.521426289130182,
  "annualized_turnover": 58.99380458088112,
  "avg_holding_period": 4165.0,
  "iqm_return": -1.410848879334858,
  "alpha_contribution": 0.0,
  "execution_contribution": 1918226.7134635113,
  "cost_contribution": -1718196.6178667194,
  "timing_contribution": -69625.31551886769,
  "alpha_fraction": 0.0
}