{
  "n_fills": 27.0,
  "n_states": 5161.0,
  "total_realized_pnl": 5040054.60901905,
  "total_unrealized_pnl": -21977.796699932558,
  "net_pnl": 4893577.836488984,
  "total_commission": 124498.97583013424,
  "total_slippage": 243120.96129093273,
  "total_impact": 70743.94751283902,
  "sharpe_ratio": 2.9813198981230453,
  "sortino_ratio": 148.43567675960279,
  "calmar_ratio": 47650445.93680734,
  "max_drawdown": 0.9999682154979314,
  "max_drawdown_duration": 21.0,
  "annualized_vol": 15982495.344128722,
  "var_95": 40345.00108800174,
  "expected_shortfall_95": 64678.75588527415,
  "fill_rate": 1.0,
  "cancel_rate": 0.9939703153988868,
  "is_bps": 10.512806448006272,
  "vwap_diff_bps": 14.686521876593453,
  "avg_slippage_bps": 9.459855825196863,
  "avg_market_impact_bps": 2.7865419306966035,
  "timing_score": 0.5185185185185185,
  "partial_fill_rate": 0.00023191094619666049,
  "maker_fill_ratio": 0.0,
  "avg_latency_ms": 1.49353650717313,
  "annualized_turnover": 10.705332171406244,
  "avg_holding_period": 5041.0,
  "iqm_return": 5.639462007318773,
  "alpha_contribution": 0.0,
  "execution_contribution": 563405.7737834841,
  "cost_contribution": -367619.93712106696,
  "timing_contribution": -286132.64028445224,
  "alpha_fraction": -0.0
}