{
  "n_fills": 65.0,
  "n_states": 5161.0,
  "total_realized_pnl": 2133476.7092269245,
  "total_unrealized_pnl": -6237.728956919218,
  "net_pnl": 1994004.458233212,
  "total_commission": 133234.52203679347,
  "total_slippage": 155038.3531681673,
  "total_impact": 13081.568342109842,
  "sharpe_ratio": 4.739585875839088,
  "sortino_ratio": 47.39084491438145,
  "calmar_ratio": 7908987.846408729,
  "max_drawdown": 0.9999906711552843,
  "max_drawdown_duration": 32.0,
  "annualized_vol": 1668693.0613508655,
  "var_95": 17821.587846280974,
  "expected_shortfall_95": 35674.71827963315,
  "fill_rate": 0.9984533804684048,
  "cancel_rate": 0.984173041413875,
  "is_bps": 7.389750981879005,
  "vwap_diff_bps": 70.66348960798835,
  "avg_slippage_bps": 6.06756025421489,
  "avg_market_impact_bps": 0.34206996850146604,
  "timing_score": 0.6615384615384615,
  "partial_fill_rate": 0.0005275652862041678,
  "maker_fill_ratio": 0.0,
  "avg_latency_ms": 1.4830544981316496,
  "annualized_turnover": 5.1852414959877,
  "avg_holding_period": 5041.0,
  "iqm_return": 7.793118632722353,
  "alpha_contribution": 0.0,
  "execution_contribution": 73731.28937806343,
  "cost_contribution": -288272.87520496076,
  "timing_contribution": 99263.40279566078,
  "alpha_fraction": -0.0
}