{
  "n_fills": 262.0,
  "n_states": 5161.0,
  "total_realized_pnl": 68602519.68702771,
  "total_unrealized_pnl": -75269007.57433708,
  "net_pnl": -9303167.190360256,
  "total_commission": 2636679.3030508836,
  "total_slippage": 5828182.889046242,
  "total_impact": 6120431.209736825,
  "sharpe_ratio": -0.2653274998659213,
  "sortino_ratio": -1.9579331367895536,
  "calmar_ratio": -8974239.148112655,
  "max_drawdown": 0.9999999872266129,
  "max_drawdown_duration": 203.0,
  "annualized_vol": 33823252.53890456,
  "var_95": 873995.5756429732,
  "expected_shortfall_95": 980487.9665073113,
  "fill_rate": 1.6513859275053304,
  "cancel_rate": 0.925914348233823,
  "is_bps": 27.336441097692376,
  "vwap_diff_bps": 34.10735329758476,
  "avg_slippage_bps": 16.817187174626625,
  "avg_market_impact_bps": 16.78567218603112,
  "timing_score": 0.11068702290076336,
  "partial_fill_rate": 0.030321975617380433,
  "maker_fill_ratio": 0.0,
  "avg_latency_ms": 1.4854321692375099,
  "annualized_turnover": 25.568324544813752,
  "avg_holding_period": 836.3333333333334,
  "iqm_return": 14.966283717434894
}