{
  "n_fills": 25.0,
  "n_states": 5161.0,
  "total_realized_pnl": 9588423.553255592,
  "total_unrealized_pnl": -195455.82988337404,
  "net_pnl": 9244713.873977717,
  "total_commission": 148253.84939450026,
  "total_slippage": 445020.42227087467,
  "total_impact": 159457.6028250163,
  "sharpe_ratio": 3.018488870718747,
  "sortino_ratio": 57.11007233991903,
  "calmar_ratio": 97075982.86952081,
  "max_drawdown": 0.9999987483227407,
  "max_drawdown_duration": 9.0,
  "annualized_vol": 32160417.188686017,
  "var_95": 114158.88977797874,
  "expected_shortfall_95": 268456.9160675829,
  "fill_rate": 1.4970760233918128,
  "cancel_rate": 0.9953693495038589,
  "is_bps": 25.702188050958593,
  "vwap_diff_bps": -100.91980424831947,
  "avg_slippage_bps": -7.948514903374225,
  "avg_market_impact_bps": 2.939298770013969,
  "timing_score": 0.72,
  "partial_fill_rate": 0.0002205071664829107,
  "maker_fill_ratio": 0.0,
  "avg_latency_ms": 1.4864919688395022,
  "annualized_turnover": 15.16052212826028,
  "avg_holding_period": 2518.0,
  "iqm_return": -10.330804796841724
}