{
  "n_fills": 96.0,
  "n_states": 5161.0,
  "total_realized_pnl": 145812055.87554696,
  "total_unrealized_pnl": -41594724.01059948,
  "net_pnl": 101068264.81422733,
  "total_commission": 3149067.0507201534,
  "total_slippage": 3065848.39198714,
  "total_impact": 341121.6367431906,
  "sharpe_ratio": 1.906615183060397,
  "sortino_ratio": 27.095456115814688,
  "calmar_ratio": 268127266.89567167,
  "max_drawdown": 0.9999984736776791,
  "max_drawdown_duration": 78.0,
  "annualized_vol": 140629771.56022456,
  "var_95": 1631026.1395451399,
  "expected_shortfall_95": 2469018.5643399507,
  "fill_rate": 2.4539930555555554,
  "cancel_rate": 0.973026130935656,
  "is_bps": 6.3943179490893165,
  "vwap_diff_bps": 49.25116800245189,
  "avg_slippage_bps": -5.731113030209078,
  "avg_market_impact_bps": 0.9209339526470299,
  "timing_score": 0.75,
  "partial_fill_rate": 0.0014048890137679123,
  "maker_fill_ratio": 0.0,
  "avg_latency_ms": 1.4840821766993735,
  "annualized_turnover": 81.46704225448981,
  "avg_holding_period": 5039.0,
  "iqm_return": -8.671773302500133
}