{
  "n_fills": 30.0,
  "n_states": 5161.0,
  "total_realized_pnl": 98208303.47564313,
  "total_unrealized_pnl": -2877801.373424896,
  "net_pnl": 94645621.00212811,
  "total_commission": 684881.1000901195,
  "total_slippage": 1083273.1740315286,
  "total_impact": 211999.29904137424,
  "sharpe_ratio": 4.043005354115142,
  "sortino_ratio": 361.58751983896474,
  "calmar_ratio": 822546967.851627,
  "max_drawdown": 0.9999995732919323,
  "max_drawdown_duration": 18.0,
  "annualized_vol": 203449301.89790055,
  "var_95": 422617.2013704807,
  "expected_shortfall_95": 495086.04043429205,
  "fill_rate": 1.8283772302463892,
  "cancel_rate": 0.9914990082176254,
  "is_bps": 12.812068256282485,
  "vwap_diff_bps": -35.17177049034692,
  "avg_slippage_bps": 14.82547369836951,
  "avg_market_impact_bps": 2.248865097566621,
  "timing_score": 0.7333333333333333,
  "partial_fill_rate": 0.001700198356474922,
  "maker_fill_ratio": 0.0,
  "avg_latency_ms": 1.4935387543575307,
  "annualized_turnover": 56.39413309684961,
  "avg_holding_period": 5041.0,
  "iqm_return": -3.4298696156199453
}