{
  "n_fills": 163.0,
  "n_states": 5161.0,
  "total_realized_pnl": 8165942.7609803565,
  "total_unrealized_pnl": -374.58824949982227,
  "net_pnl": 7337455.7952031465,
  "total_commission": 828112.3775277103,
  "total_slippage": 1358119.608927282,
  "total_impact": 1056926.311944256,
  "sharpe_ratio": 0.9759625522456647,
  "sortino_ratio": 25.010624509595974,
  "calmar_ratio": 11414182.156470854,
  "max_drawdown": 0.9999903158501161,
  "max_drawdown_duration": 158.0,
  "annualized_vol": 11695194.240349246,
  "var_95": 51260.49892384137,
  "expected_shortfall_95": 103035.03725738119,
  "fill_rate": 1.0,
  "cancel_rate": 0.974600870827286,
  "is_bps": 16.085083365191718,
  "vwap_diff_bps": 23.91553052961505,
  "avg_slippage_bps": 6.453585589826841,
  "avg_market_impact_bps": 5.118864846024136,
  "timing_score": 0.32515337423312884,
  "partial_fill_rate": 0.006894049346879536,
  "maker_fill_ratio": 0.0,
  "avg_latency_ms": 1.5027734449561314,
  "annualized_turnover": 12.216458224574128,
  "avg_holding_period": 5041.0,
  "iqm_return": 7.9786014716711655,
  "alpha_contribution": 0.0,
  "execution_contribution": 2484659.246857201,
  "cost_contribution": -2186231.9864549926,
  "timing_contribution": -1489316.0170027942,
  "alpha_fraction": -0.0
}