{
  "n_fills": 159.0,
  "n_states": 5161.0,
  "total_realized_pnl": 31652173.33877574,
  "total_unrealized_pnl": -6090158.659988841,
  "net_pnl": 23579690.160204902,
  "total_commission": 1982324.518581992,
  "total_slippage": 3547665.9783498244,
  "total_impact": 3655266.3535728427,
  "sharpe_ratio": 1.1955008897155062,
  "sortino_ratio": 16.561487952987573,
  "calmar_ratio": 37739989.11365308,
  "max_drawdown": 0.9999544942200069,
  "max_drawdown_duration": 85.0,
  "annualized_vol": 31566912.288113914,
  "var_95": 423920.59178773285,
  "expected_shortfall_95": 541679.0621997486,
  "fill_rate": 1.985995623632385,
  "cancel_rate": 0.963963963963964,
  "is_bps": 21.02734631835607,
  "vwap_diff_bps": -66.25315501706292,
  "avg_slippage_bps": 3.7157240535636196,
  "avg_market_impact_bps": 9.953459337166478,
  "timing_score": 0.4025157232704403,
  "partial_fill_rate": 0.008278548819089359,
  "maker_fill_ratio": 0.0,
  "avg_latency_ms": 1.5024531888665797,
  "annualized_turnover": 31.317492364702264,
  "avg_holding_period": 5041.0,
  "iqm_return": 3.762392724488952
}