{
  "n_fills": 37.0,
  "n_states": 5161.0,
  "total_realized_pnl": 9345.07804026251,
  "total_unrealized_pnl": 0.0,
  "net_pnl": -521132.2859925299,
  "total_commission": 530477.3640327924,
  "total_slippage": 595098.481887936,
  "total_impact": 248540.24487561098,
  "sharpe_ratio": -5.185696616525078,
  "sortino_ratio": -8.80742304685176,
  "calmar_ratio": -3516219.0047298195,
  "max_drawdown": 0.9999981992844618,
  "max_drawdown_duration": 35.0,
  "annualized_vol": 678059.8505926147,
  "var_95": 65768.23111170766,
  "expected_shortfall_95": 98782.76425584727,
  "fill_rate": 1.0,
  "cancel_rate": 0.9901387874360847,
  "is_bps": 4.884659369337948,
  "vwap_diff_bps": 7.017843541073685,
  "avg_slippage_bps": -2.350657706083696,
  "avg_market_impact_bps": 4.097735034894902,
  "timing_score": 0.5405405405405406,
  "partial_fill_rate": 0.0014609203798392988,
  "maker_fill_ratio": 0.0,
  "avg_latency_ms": 1.4913942337543418,
  "annualized_turnover": 34.00543054656679,
  "avg_holding_period": 1672.3333333333333,
  "iqm_return": 0.5531486023818366,
  "alpha_contribution": 0.0,
  "execution_contribution": 1741391.6295596454,
  "cost_contribution": -1125575.8459207285,
  "timing_contribution": -602913.193595211,
  "alpha_fraction": 0.0
}