{
  "n_fills": 16.0,
  "n_states": 5161.0,
  "total_realized_pnl": 3766804.767383136,
  "total_unrealized_pnl": -17796.610169493128,
  "net_pnl": 3577927.8999316986,
  "total_commission": 171080.257281944,
  "total_slippage": 498061.8932217689,
  "total_impact": 205895.22156368295,
  "sharpe_ratio": 4.676853693819329,
  "sortino_ratio": 36.39446712648173,
  "calmar_ratio": 60532202.69609617,
  "max_drawdown": 0.9999970456433421,
  "max_drawdown_duration": 12.0,
  "annualized_vol": 12942894.481043078,
  "var_95": 240705.0399978031,
  "expected_shortfall_95": 338482.1676761573,
  "fill_rate": 1.0,
  "cancel_rate": 0.9968383017163505,
  "is_bps": 7.599485552547723,
  "vwap_diff_bps": 123.91014716470005,
  "avg_slippage_bps": 35.655908039555044,
  "avg_market_impact_bps": 8.222777578854354,
  "timing_score": 0.3125,
  "partial_fill_rate": 0.00022583559168925022,
  "maker_fill_ratio": 0.0,
  "avg_latency_ms": 1.4575591924118116,
  "annualized_turnover": 27.050136562456238,
  "avg_holding_period": 5039.0,
  "iqm_return": 11.480131580560958,
  "alpha_contribution": 0.0,
  "execution_contribution": 407496.52244116936,
  "cost_contribution": -669142.1505037129,
  "timing_contribution": -86330.81612468661,
  "alpha_fraction": -0.0
}