{
  "n_fills": 1.0,
  "n_states": 697.0,
  "total_realized_pnl": 0.0,
  "total_unrealized_pnl": -3073.4823578812648,
  "net_pnl": -4555.838380234947,
  "total_commission": 1482.3560223536822,
  "total_slippage": 7720.481396288107,
  "total_impact": 373.5985494589534,
  "sharpe_ratio": 0.0,
  "sortino_ratio": 0.0,
  "calmar_ratio": 0.0,
  "max_drawdown": 0.0,
  "max_drawdown_duration": 0.0,
  "annualized_vol": 0.0,
  "var_95": 0.0,
  "expected_shortfall_95": 0.0,
  "fill_rate": 0.3333333333333333,
  "cancel_rate": 0.9984076433121019,
  "is_bps": -29.587777719379282,
  "vwap_diff_bps": 3.111032520402523,
  "avg_slippage_bps": -7.812375650516338,
  "avg_market_impact_bps": 0.37804536544374234,
  "timing_score": 1.0,
  "partial_fill_rate": 0.0,
  "maker_fill_ratio": 0.0,
  "avg_latency_ms": 1.1746785304483844,
  "annualized_turnover": 24.89206768629227,
  "avg_holding_period": 695.0,
  "iqm_return": -7.812375650516338,
  "alpha_contribution": 0.0,
  "execution_contribution": -30526.90023237948,
  "cost_contribution": -9202.83741864179,
  "timing_contribution": 39729.73765102127,
  "alpha_fraction": 0.0
}