{
  "n_fills": 142.0,
  "n_states": 5161.0,
  "total_realized_pnl": -2866458.1233975617,
  "total_unrealized_pnl": -64162.26212318661,
  "net_pnl": -4069774.099174819,
  "total_commission": 1139153.7136540704,
  "total_slippage": 2693983.5247142655,
  "total_impact": 2542175.4108868297,
  "sharpe_ratio": -12.603418660006728,
  "sortino_ratio": -13.41990270135055,
  "calmar_ratio": -7258592.770651005,
  "max_drawdown": 0.9999997538726098,
  "max_drawdown_duration": 140.0,
  "annualized_vol": 575922.388990023,
  "var_95": 98393.39908745557,
  "expected_shortfall_95": 121015.63687607668,
  "fill_rate": 0.9854014598540146,
  "cancel_rate": 0.9641434262948207,
  "is_bps": 24.193256210292166,
  "vwap_diff_bps": 36.6623034789069,
  "avg_slippage_bps": 15.621078286877024,
  "avg_market_impact_bps": 15.19358751732756,
  "timing_score": 0.2535211267605634,
  "partial_fill_rate": 0.009462151394422311,
  "maker_fill_ratio": 0.0,
  "avg_latency_ms": 1.4774591988551524,
  "annualized_turnover": 19.898109232285396,
  "avg_holding_period": 835.6666666666666,
  "iqm_return": 13.543811605164523,
  "alpha_contribution": 0.0,
  "execution_contribution": 3933688.705646226,
  "cost_contribution": -3833137.238368336,
  "timing_contribution": -2848428.7284016768,
  "alpha_fraction": -0.0
}