{
  "n_fills": 178.0,
  "n_states": 5161.0,
  "total_realized_pnl": 65227644.7804881,
  "total_unrealized_pnl": -31006625.326281928,
  "net_pnl": 30578971.542329,
  "total_commission": 3642047.9118771786,
  "total_slippage": 2017629.647538132,
  "total_impact": 116532.72603922724,
  "sharpe_ratio": 0.809750481153895,
  "sortino_ratio": 5.61258829433526,
  "calmar_ratio": 65240181.84674649,
  "max_drawdown": 0.467786210190804,
  "max_drawdown_duration": 108.0,
  "annualized_vol": 37688717.856344596,
  "var_95": 962683.6974458514,
  "expected_shortfall_95": 1185956.1613540153,
  "fill_rate": 1.521132897603486,
  "cancel_rate": 0.9344141488577745,
  "is_bps": 3.6077183493285907,
  "vwap_diff_bps": -29.381908556288494,
  "avg_slippage_bps": -0.6631142880497042,
  "avg_market_impact_bps": 0.2624267471669832,
  "timing_score": 0.7134831460674157,
  "partial_fill_rate": 0.0,
  "maker_fill_ratio": 0.0,
  "avg_latency_ms": 1.4898363359459164,
  "annualized_turnover": 50.284304555745194,
  "avg_holding_period": 5041.0,
  "iqm_return": -1.4809871640030643
}