{
  "n_fills": 112.0,
  "n_states": 2087.0,
  "total_realized_pnl": 19755308.421946846,
  "total_unrealized_pnl": -1282714.020336542,
  "net_pnl": 16700323.05338282,
  "total_commission": 1772271.3482274835,
  "total_slippage": 729401.4977873989,
  "total_impact": 42255.286534715175,
  "sharpe_ratio": 1.2729029679632053,
  "sortino_ratio": 56.551434006343946,
  "calmar_ratio": 37925125.9285996,
  "max_drawdown": 0.9999746704700282,
  "max_drawdown_duration": 89.0,
  "annualized_vol": 29793445.578706477,
  "var_95": 133984.88900058527,
  "expected_shortfall_95": 157370.03505338356,
  "fill_rate": 1.1760132551618658,
  "cancel_rate": 0.8159203980099502,
  "is_bps": 0.52087092981439,
  "vwap_diff_bps": -0.9453467483379594,
  "avg_slippage_bps": -0.12466939888300368,
  "avg_market_impact_bps": 0.19263554287824777,
  "timing_score": 0.5803571428571429,
  "partial_fill_rate": 0.003316749585406302,
  "maker_fill_ratio": 0.0,
  "avg_latency_ms": 1.4900831497120524,
  "annualized_turnover": 38.61077449969073,
  "avg_holding_period": 2083.0,
  "iqm_return": 0.5270819385851127
}