{
  "n_fills": 59.0,
  "n_states": 5161.0,
  "total_realized_pnl": 58660289.6474653,
  "total_unrealized_pnl": -2590710.3683302533,
  "net_pnl": 55668720.59817703,
  "total_commission": 400858.68095802097,
  "total_slippage": 422868.29635309067,
  "total_impact": 127787.21618688352,
  "sharpe_ratio": 3.4267654792925155,
  "sortino_ratio": 149.7606907209028,
  "calmar_ratio": 4133520884.378009,
  "max_drawdown": 0.048058094395636214,
  "max_drawdown_duration": 41.0,
  "annualized_vol": 57969866.35011417,
  "var_95": 221884.5218105774,
  "expected_shortfall_95": 265882.77968388796,
  "fill_rate": 1.5856006697362914,
  "cancel_rate": 0.9878445843281962,
  "is_bps": 9.194753073562827,
  "vwap_diff_bps": -57.60361731018566,
  "avg_slippage_bps": 1.1098146217772025,
  "avg_market_impact_bps": 1.610161269367802,
  "timing_score": 0.711864406779661,
  "partial_fill_rate": 0.0004341219882787063,
  "maker_fill_ratio": 0.0,
  "avg_latency_ms": 1.4974556497072027,
  "annualized_turnover": 16.60911769673643,
  "avg_holding_period": 5041.0,
  "iqm_return": -3.507811340103862
}