{
  "n_fills": 97.0,
  "n_states": 5161.0,
  "total_realized_pnl": -1170026.3623136592,
  "total_unrealized_pnl": -119839.74882678804,
  "net_pnl": -2449223.415472922,
  "total_commission": 1159357.3043324745,
  "total_slippage": 2844125.694366466,
  "total_impact": 1287665.6648847295,
  "sharpe_ratio": -2.1778451359989437,
  "sortino_ratio": -2.7115279025332386,
  "calmar_ratio": -6428001.628240105,
  "max_drawdown": 0.9999997264618201,
  "max_drawdown_duration": 90.0,
  "annualized_vol": 2951541.3027693615,
  "var_95": 74555.28006767922,
  "expected_shortfall_95": 367263.5314785907,
  "fill_rate": 1.0,
  "cancel_rate": 0.9711769415532426,
  "is_bps": 12.256923845816567,
  "vwap_diff_bps": -7.54379032969235,
  "avg_slippage_bps": -2.172305351030658,
  "avg_market_impact_bps": 7.573319067297623,
  "timing_score": 0.29896907216494845,
  "partial_fill_rate": 0.0028022417934347476,
  "maker_fill_ratio": 0.0,
  "avg_latency_ms": 1.4816201444584234,
  "annualized_turnover": 29.365746921063113,
  "avg_holding_period": 5041.0,
  "iqm_return": 8.56453589381067,
  "alpha_contribution": 0.0,
  "execution_contribution": 4431017.585700357,
  "cost_contribution": -4003482.9986989405,
  "timing_contribution": -1792689.854619473,
  "alpha_fraction": -0.0
}