{
  "n_fills": 133.0,
  "n_states": 5161.0,
  "total_realized_pnl": 117923938.82082333,
  "total_unrealized_pnl": -7118301.275801939,
  "net_pnl": 108397302.94673246,
  "total_commission": 2408334.598288917,
  "total_slippage": 1415289.5253472056,
  "total_impact": 2115748.88858689,
  "sharpe_ratio": 2.5039138199731372,
  "sortino_ratio": 90.79463577630355,
  "calmar_ratio": 206973371.01143658,
  "max_drawdown": 0.999969290929466,
  "max_drawdown_duration": 56.0,
  "annualized_vol": 82657403.54187107,
  "var_95": 369430.8674750912,
  "expected_shortfall_95": 490230.8396108491,
  "fill_rate": 2.537613981762918,
  "cancel_rate": 0.975925100312082,
  "is_bps": 9.490778245194562,
  "vwap_diff_bps": -26.991612019437035,
  "avg_slippage_bps": 0.918574653319249,
  "avg_market_impact_bps": 4.9747182920385855,
  "timing_score": 0.3308270676691729,
  "partial_fill_rate": 0.0073562193490860454,
  "maker_fill_ratio": 0.0,
  "avg_latency_ms": 1.5056543553452562,
  "annualized_turnover": 43.578808184082945,
  "avg_holding_period": 2335.0,
  "iqm_return": -1.3178953865552239
}