{
  "n_fills": 203.0,
  "n_states": 5161.0,
  "total_realized_pnl": -5371171.231654565,
  "total_unrealized_pnl": -46432.53588516824,
  "net_pnl": -7613888.277668526,
  "total_commission": 2196284.510128793,
  "total_slippage": 5810840.742130453,
  "total_impact": 5019770.13347944,
  "sharpe_ratio": -15.449351451409807,
  "sortino_ratio": -16.215010889423432,
  "calmar_ratio": -9441046.288862806,
  "max_drawdown": 0.9999998678615999,
  "max_drawdown_duration": 202.0,
  "annualized_vol": 611096.5286168389,
  "var_95": 97736.6611433858,
  "expected_shortfall_95": 145846.05063951397,
  "fill_rate": 1.0,
  "cancel_rate": 0.38565022421524664,
  "is_bps": 25.500348956695937,
  "vwap_diff_bps": -2.8983420011554664,
  "avg_slippage_bps": 23.49491954570191,
  "avg_market_impact_bps": 19.710906874156112,
  "timing_score": 0.08374384236453201,
  "partial_fill_rate": 0.08520179372197309,
  "maker_fill_ratio": 0.0,
  "avg_latency_ms": 1.4852027167007769,
  "annualized_turnover": 27.240207370005546,
  "avg_holding_period": 263.8421052631579,
  "iqm_return": 20.864968085086943,
  "alpha_contribution": 0.0,
  "execution_contribution": 7636344.611846663,
  "cost_contribution": -8007125.252259245,
  "timing_contribution": -4879725.56204614,
  "alpha_fraction": -0.0
}