{
  "n_fills": 161.0,
  "n_states": 20861.0,
  "total_realized_pnl": -550199.5055919824,
  "total_unrealized_pnl": 27066.900184539612,
  "net_pnl": -2781443.292876639,
  "total_commission": 2258310.687469196,
  "total_slippage": 777499.055802814,
  "total_impact": 126487.54021280287,
  "sharpe_ratio": -10.269478078065964,
  "sortino_ratio": -10.727158572304205,
  "calmar_ratio": -4373563.451971277,
  "max_drawdown": 0.9999996480358933,
  "max_drawdown_duration": 159.0,
  "annualized_vol": 425879.667826078,
  "var_95": 76293.54302519288,
  "expected_shortfall_95": 83258.60529598771,
  "fill_rate": 1.0,
  "cancel_rate": 0.9833076167765465,
  "is_bps": 2.4937100602245286,
  "vwap_diff_bps": 9.558280715578446,
  "avg_slippage_bps": 1.6180774242693994,
  "avg_market_impact_bps": 0.4287235356080898,
  "timing_score": 0.4968944099378882,
  "partial_fill_rate": 0.00042081638378454203,
  "maker_fill_ratio": 0.0,
  "avg_latency_ms": 0.0,
  "annualized_turnover": 34.3629117537225,
  "avg_holding_period": 10421.5,
  "iqm_return": 2.856235236620562,
  "alpha_contribution": 0.0,
  "execution_contribution": 3256223.980611738,
  "cost_contribution": -3035809.7432720102,
  "timing_contribution": -790866.6606056878,
  "alpha_fraction": -0.0
}