{
  "n_fills": 76.0,
  "n_states": 5161.0,
  "total_realized_pnl": 58467126.2375848,
  "total_unrealized_pnl": -5497900.113530896,
  "net_pnl": 51668254.209092736,
  "total_commission": 1300971.9149611697,
  "total_slippage": 1115310.4302446246,
  "total_impact": 301579.7087590627,
  "sharpe_ratio": 2.767515928160807,
  "sortino_ratio": 28.67136202604109,
  "calmar_ratio": 173635671.445971,
  "max_drawdown": 0.9999977254811747,
  "max_drawdown_duration": 47.0,
  "annualized_vol": 62740479.55480402,
  "var_95": 327055.9031131839,
  "expected_shortfall_95": 1330401.7659714129,
  "fill_rate": 1.6627710504083357,
  "cancel_rate": 0.980028129395218,
  "is_bps": 11.685494589711398,
  "vwap_diff_bps": 18.23679005425903,
  "avg_slippage_bps": 1.1081534306276608,
  "avg_market_impact_bps": 1.3646541249194073,
  "timing_score": 0.5921052631578947,
  "partial_fill_rate": 0.0033755274261603376,
  "maker_fill_ratio": 0.0,
  "avg_latency_ms": 1.4825863640907178,
  "annualized_turnover": 41.90807442216226,
  "avg_holding_period": 5041.0,
  "iqm_return": 0.4573396857518219
}