{
  "n_fills": 56.0,
  "n_states": 5161.0,
  "total_realized_pnl": -1278915.5499678394,
  "total_unrealized_pnl": 0.0,
  "net_pnl": -2115472.1502060927,
  "total_commission": 836556.6002382535,
  "total_slippage": 1189522.1947471378,
  "total_impact": 298321.09726329235,
  "sharpe_ratio": -5.980435217357444,
  "sortino_ratio": -5.776004623193221,
  "calmar_ratio": -9620695.665412296,
  "max_drawdown": 0.9999995237539632,
  "max_drawdown_duration": 55.0,
  "annualized_vol": 1608694.1391274158,
  "var_95": 106021.15983959197,
  "expected_shortfall_95": 376490.73832070734,
  "fill_rate": 1.0,
  "cancel_rate": 0.9815708644142168,
  "is_bps": 16.177492375910443,
  "vwap_diff_bps": -72.22498274265283,
  "avg_slippage_bps": 4.328500268987457,
  "avg_market_impact_bps": 3.0878416327906066,
  "timing_score": 0.7678571428571429,
  "partial_fill_rate": 0.0017551557700745941,
  "maker_fill_ratio": 0.0,
  "avg_latency_ms": 1.4834380424986524,
  "annualized_turnover": 35.83680307113234,
  "avg_holding_period": 5040.0,
  "iqm_return": 2.9849818297550983,
  "alpha_contribution": 0.0,
  "execution_contribution": 2307914.8943411806,
  "cost_contribution": -2026078.7949853912,
  "timing_contribution": -1566174.3202486844,
  "alpha_fraction": -0.0
}