{
  "n_fills": 22.0,
  "n_states": 5161.0,
  "total_realized_pnl": 1422454.6771372368,
  "total_unrealized_pnl": -381.675846669139,
  "net_pnl": 1299852.54868248,
  "total_commission": 122220.45260808771,
  "total_slippage": 273372.33658792375,
  "total_impact": 83068.42157137107,
  "sharpe_ratio": 1.0700711804003729,
  "sortino_ratio": 1.1489105963400459,
  "calmar_ratio": 15619262.57242617,
  "max_drawdown": 0.9999996742645569,
  "max_drawdown_duration": 13.0,
  "annualized_vol": 14596465.89008661,
  "var_95": 65506.70688377279,
  "expected_shortfall_95": 1526154.4138548293,
  "fill_rate": 0.9974747474747475,
  "cancel_rate": 0.9966360170441803,
  "is_bps": 12.30528981340133,
  "vwap_diff_bps": -35.40997297383924,
  "avg_slippage_bps": 87.03578422154166,
  "avg_market_impact_bps": 2.710528528169117,
  "timing_score": 0.13636363636363635,
  "partial_fill_rate": 0.0006727965911639381,
  "maker_fill_ratio": 0.0,
  "avg_latency_ms": 1.5096906756757227,
  "annualized_turnover": 12.352041895151721,
  "avg_holding_period": 5041.0,
  "iqm_return": 9.63314976635763,
  "alpha_contribution": 0.0,
  "execution_contribution": 433136.316362975,
  "cost_contribution": -395592.7891960115,
  "timing_contribution": -441129.2198849706,
  "alpha_fraction": -0.0
}