{
  "n_fills": 108.0,
  "n_states": 5161.0,
  "total_realized_pnl": 169382412.27813876,
  "total_unrealized_pnl": -7329410.315306747,
  "net_pnl": 161249969.10268238,
  "total_commission": 803032.8601496357,
  "total_slippage": 629223.4725952815,
  "total_impact": 602866.5794333959,
  "sharpe_ratio": 2.891508600205025,
  "sortino_ratio": 134.71787691385447,
  "calmar_ratio": 379826693.8558877,
  "max_drawdown": 0.9999809694976042,
  "max_drawdown_duration": 69.0,
  "annualized_vol": 131356851.41526082,
  "var_95": 422666.2944765976,
  "expected_shortfall_95": 604500.0179233501,
  "fill_rate": 2.141276130618937,
  "cancel_rate": 0.9772987846824123,
  "is_bps": 6.845327686305513,
  "vwap_diff_bps": 40.23413082763631,
  "avg_slippage_bps": 1.065015476328828,
  "avg_market_impact_bps": 2.4469403273297186,
  "timing_score": 0.6574074074074074,
  "partial_fill_rate": 0.005503324925475808,
  "maker_fill_ratio": 0.0,
  "avg_latency_ms": 1.5077924654564039,
  "annualized_turnover": 17.91084392777778,
  "avg_holding_period": 5041.0,
  "iqm_return": -0.3633975464235778
}