{
  "n_fills": 47.0,
  "n_states": 5161.0,
  "total_realized_pnl": 54986015.11453454,
  "total_unrealized_pnl": -74189400.02362844,
  "net_pnl": -19486919.272854745,
  "total_commission": 283534.36376084376,
  "total_slippage": 849359.0043053406,
  "total_impact": 328363.3010246382,
  "sharpe_ratio": -1.1853805765264802,
  "sortino_ratio": -2.21582352628261,
  "calmar_ratio": -106744829.51181571,
  "max_drawdown": 0.9999999866210011,
  "max_drawdown_duration": 25.0,
  "annualized_vol": 90051102.74075103,
  "var_95": 6460531.432847578,
  "expected_shortfall_95": 9568900.476636602,
  "fill_rate": 1.457592686642966,
  "cancel_rate": 0.9917480998914223,
  "is_bps": 16.893016486037066,
  "vwap_diff_bps": -8.498320254756598,
  "avg_slippage_bps": 46.35410067900077,
  "avg_market_impact_bps": 2.889805252317677,
  "timing_score": 0.40425531914893614,
  "partial_fill_rate": 0.001737242128121607,
  "maker_fill_ratio": 0.0,
  "avg_latency_ms": 1.5103812609307683,
  "annualized_turnover": 14.048362767673794,
  "avg_holding_period": 5041.0,
  "iqm_return": 1.9412002140287412
}