{
  "n_fills": 27.0,
  "n_states": 5161.0,
  "total_realized_pnl": -158869.9913748058,
  "total_unrealized_pnl": -19670.061321190442,
  "net_pnl": -513765.82450354536,
  "total_commission": 335225.7718075491,
  "total_slippage": 345169.8208486949,
  "total_impact": 123547.06273005251,
  "sharpe_ratio": -10.150447178116645,
  "sortino_ratio": -13.794210142534071,
  "calmar_ratio": -4773007.060115655,
  "max_drawdown": 0.9999979693498102,
  "max_drawdown_duration": 26.0,
  "annualized_vol": 470225.32939219376,
  "var_95": 62015.37497731636,
  "expected_shortfall_95": 74360.15983500812,
  "fill_rate": 0.9446640316205533,
  "cancel_rate": 0.972636815920398,
  "is_bps": 8.74435070266555,
  "vwap_diff_bps": -6.4257764062184375,
  "avg_slippage_bps": 1.6906831450522133,
  "avg_market_impact_bps": 2.7712177233998556,
  "timing_score": 0.4444444444444444,
  "partial_fill_rate": 0.0,
  "maker_fill_ratio": 0.0,
  "avg_latency_ms": 1.4688257672343825,
  "annualized_turnover": 30.73355557298192,
  "avg_holding_period": 5041.0,
  "iqm_return": 4.1815859728154425,
  "alpha_contribution": 0.0,
  "execution_contribution": 894704.2140226739,
  "cost_contribution": -680395.592656244,
  "timing_contribution": -352724.55033995473,
  "alpha_fraction": -0.0
}