{
  "n_fills": 173.0,
  "n_states": 5161.0,
  "total_realized_pnl": 66910527.37067029,
  "total_unrealized_pnl": -30131822.518120617,
  "net_pnl": 33416865.31337782,
  "total_commission": 3361839.5391718526,
  "total_slippage": 3859612.0238418933,
  "total_impact": 1676447.842070503,
  "sharpe_ratio": 1.099015135226593,
  "sortino_ratio": 5.420534158894102,
  "calmar_ratio": 48982813.8328173,
  "max_drawdown": 0.9999960892763045,
  "max_drawdown_duration": 64.0,
  "annualized_vol": 44569561.15028153,
  "var_95": 1609690.7563443524,
  "expected_shortfall_95": 2160280.162469619,
  "fill_rate": 1.8694744169857291,
  "cancel_rate": 0.9561354802887285,
  "is_bps": 16.12213510543628,
  "vwap_diff_bps": -58.13298746089458,
  "avg_slippage_bps": 3.6818277051433617,
  "avg_market_impact_bps": 3.5393079378206704,
  "timing_score": 0.6127167630057804,
  "partial_fill_rate": 0.009161576901721266,
  "maker_fill_ratio": 0.0,
  "avg_latency_ms": 1.4815756066739687,
  "annualized_turnover": 48.391850601901176,
  "avg_holding_period": 2507.5,
  "iqm_return": -1.8109786366890779
}