{
  "n_fills": 54.0,
  "n_states": 4173.0,
  "total_realized_pnl": 118321232.6219394,
  "total_unrealized_pnl": 7507214.058258886,
  "net_pnl": 124220558.5170867,
  "total_commission": 1607888.1631115975,
  "total_slippage": 857947.8515889015,
  "total_impact": 1040738.229525873,
  "sharpe_ratio": 5.077207147903834,
  "sortino_ratio": 874.6402335093436,
  "calmar_ratio": 590669883.1521289,
  "max_drawdown": 0.9999833154450604,
  "max_drawdown_duration": 9.0,
  "annualized_vol": 116335617.37418398,
  "var_95": 118741.18674669862,
  "expected_shortfall_95": 142804.7484788994,
  "fill_rate": 1.9654708520179371,
  "cancel_rate": 0.9840472673559822,
  "is_bps": 7.087869223514166,
  "vwap_diff_bps": 5.855510791063662,
  "avg_slippage_bps": 4.1197360662044025,
  "avg_market_impact_bps": 5.593623477014904,
  "timing_score": 0.4074074074074074,
  "partial_fill_rate": 0.0,
  "maker_fill_ratio": 0.0,
  "avg_latency_ms": 1.5108158880498626,
  "annualized_turnover": 77.52792854528428,
  "avg_holding_period": 4165.0,
  "iqm_return": 2.9347266042013342
}