{
  "n_fills": 25.0,
  "n_states": 5161.0,
  "total_realized_pnl": 24803.923551170767,
  "total_unrealized_pnl": -26907.948207018286,
  "net_pnl": -376540.80617315567,
  "total_commission": 374436.78151730815,
  "total_slippage": 428952.4099713184,
  "total_impact": 46916.16720218037,
  "sharpe_ratio": -5.6843619951003435,
  "sortino_ratio": -10.95418560384879,
  "calmar_ratio": -3810750.7919131345,
  "max_drawdown": 0.9999976057588117,
  "max_drawdown_duration": 21.0,
  "annualized_vol": 670390.392332739,
  "var_95": 63347.47831569457,
  "expected_shortfall_95": 67018.82890873429,
  "fill_rate": 1.0,
  "cancel_rate": 0.9920508744038156,
  "is_bps": 3.404646292701149,
  "vwap_diff_bps": -52.88406538260737,
  "avg_slippage_bps": 0.09469251876404329,
  "avg_market_impact_bps": 1.0282525764285393,
  "timing_score": 0.64,
  "partial_fill_rate": 0.000794912559618442,
  "maker_fill_ratio": 0.0,
  "avg_latency_ms": 1.4844382127042457,
  "annualized_turnover": 36.95028533624856,
  "avg_holding_period": 5035.0,
  "iqm_return": 0.061315692486758167,
  "alpha_contribution": 0.0,
  "execution_contribution": 791979.6424948396,
  "cost_contribution": -803389.1914886265,
  "timing_contribution": 38942.133230878455,
  "alpha_fraction": 0.0
}