{
  "n_fills": 11.0,
  "n_states": 5161.0,
  "total_realized_pnl": 6655631.07393243,
  "total_unrealized_pnl": 0.0,
  "net_pnl": 6492692.917982667,
  "total_commission": 162938.15594976296,
  "total_slippage": 844226.8925697844,
  "total_impact": 370630.8109136888,
  "sharpe_ratio": 4.39221190001477,
  "sortino_ratio": 228.83853262441318,
  "calmar_ratio": 165016557.08431363,
  "max_drawdown": 0.9999943750932837,
  "max_drawdown_duration": 7.0,
  "annualized_vol": 37570051.86407752,
  "var_95": 177309.00277351117,
  "expected_shortfall_95": 184243.46469725296,
  "fill_rate": 0.9982014388489209,
  "cancel_rate": 0.998215082552432,
  "is_bps": 56.79418785205852,
  "vwap_diff_bps": -137.49099384633624,
  "avg_slippage_bps": 64.70200213574107,
  "avg_market_impact_bps": 24.520606833211797,
  "timing_score": 0.18181818181818182,
  "partial_fill_rate": 0.0006693440428380187,
  "maker_fill_ratio": 0.0,
  "avg_latency_ms": 1.4586984956306799,
  "annualized_turnover": 33.987083354137674,
  "avg_holding_period": 5041.0,
  "iqm_return": 47.565361163367086,
  "alpha_contribution": 0.0,
  "execution_contribution": 1028860.5223780381,
  "cost_contribution": -1007165.0485195473,
  "timing_contribution": -715893.4179167979,
  "alpha_fraction": -0.0
}