{
  "n_fills": 346.0,
  "n_states": 5161.0,
  "total_realized_pnl": 53206169.880864896,
  "total_unrealized_pnl": -96099501.38213637,
  "net_pnl": -45638310.663642734,
  "total_commission": 2744979.162371256,
  "total_slippage": 5300323.975131817,
  "total_impact": 4713208.76322336,
  "sharpe_ratio": -1.1078085262369002,
  "sortino_ratio": -5.153058868330086,
  "calmar_ratio": -33320733.61147825,
  "max_drawdown": 0.9999999884467043,
  "max_drawdown_duration": 255.0,
  "annualized_vol": 30078061.72037754,
  "var_95": 749236.465334523,
  "expected_shortfall_95": 1598537.3270075985,
  "fill_rate": 1.53394901144641,
  "cancel_rate": 0.9398892697073556,
  "is_bps": 24.268725886361118,
  "vwap_diff_bps": 48.64922262226297,
  "avg_slippage_bps": 12.876204986443229,
  "avg_market_impact_bps": 6.147088480134087,
  "timing_score": 0.15028901734104047,
  "partial_fill_rate": 0.013182177695755339,
  "maker_fill_ratio": 0.0,
  "avg_latency_ms": 1.5021503049454477,
  "annualized_turnover": 19.806902670570537,
  "avg_holding_period": 4914.0,
  "iqm_return": 7.965455191313332
}