{
  "n_fills": 40.0,
  "n_states": 5161.0,
  "total_realized_pnl": -383743.30599748995,
  "total_unrealized_pnl": -18927.354851257987,
  "net_pnl": -996350.3761009249,
  "total_commission": 593679.715252177,
  "total_slippage": 448547.0110165806,
  "total_impact": 268790.25972122635,
  "sharpe_ratio": -11.458723065375162,
  "sortino_ratio": -11.982548961980324,
  "calmar_ratio": -6254449.055989974,
  "max_drawdown": 0.9999989668892649,
  "max_drawdown_duration": 39.0,
  "annualized_vol": 545823.697698967,
  "var_95": 74508.7561966874,
  "expected_shortfall_95": 143247.56189875168,
  "fill_rate": 1.0,
  "cancel_rate": 0.9848706686188384,
  "is_bps": 7.491240726802534,
  "vwap_diff_bps": -6.1383309521199445,
  "avg_slippage_bps": 4.523443870975856,
  "avg_market_impact_bps": 5.055527403535064,
  "timing_score": 0.7,
  "partial_fill_rate": 0.0009760858955588092,
  "maker_fill_ratio": 0.0,
  "avg_latency_ms": 1.4831615711725168,
  "annualized_turnover": 36.39072511540815,
  "avg_holding_period": 5041.0,
  "iqm_return": 4.706252752893516,
  "alpha_contribution": 0.0,
  "execution_contribution": 1216015.7391260942,
  "cost_contribution": -1042226.7262687576,
  "timing_contribution": -528149.447437251,
  "alpha_fraction": -0.0
}