{
  "n_fills": 43.0,
  "n_states": 5161.0,
  "total_realized_pnl": -115500.78801468678,
  "total_unrealized_pnl": -15179.904955870006,
  "net_pnl": -670688.1226617716,
  "total_commission": 540007.4296912148,
  "total_slippage": 417502.1434960281,
  "total_impact": 93503.51790916159,
  "sharpe_ratio": -10.522871480405849,
  "sortino_ratio": -10.942520844702353,
  "calmar_ratio": -3952896.679199094,
  "max_drawdown": 0.9999984821257708,
  "max_drawdown_duration": 42.0,
  "annualized_vol": 375647.52991230466,
  "var_95": 49342.09330908913,
  "expected_shortfall_95": 83364.23534342881,
  "fill_rate": 0.9636363636363636,
  "cancel_rate": 0.9871060171919771,
  "is_bps": 2.301942140892424,
  "vwap_diff_bps": -6.600357463180375,
  "avg_slippage_bps": 2.3018455574529817,
  "avg_market_impact_bps": 1.2691104696084616,
  "timing_score": 0.7906976744186046,
  "partial_fill_rate": 0.0019102196752626551,
  "maker_fill_ratio": 0.0,
  "avg_latency_ms": 1.463546251404159,
  "annualized_turnover": 30.796326860110074,
  "avg_holding_period": 5041.0,
  "iqm_return": 3.9892086582964326,
  "alpha_contribution": 0.0,
  "execution_contribution": 835233.2767556227,
  "cost_contribution": -957509.573187243,
  "timing_contribution": 52609.85776301043,
  "alpha_fraction": -0.0
}