{
  "n_fills": 253.0,
  "n_states": 5161.0,
  "total_realized_pnl": 126425665.0433701,
  "total_unrealized_pnl": -12432924.534031363,
  "net_pnl": 107255957.83398394,
  "total_commission": 6736782.675354796,
  "total_slippage": 2483541.400196324,
  "total_impact": 319414.2991233065,
  "sharpe_ratio": 1.7081370677732899,
  "sortino_ratio": 23.426205059978145,
  "calmar_ratio": 107261010.29355289,
  "max_drawdown": 0.999993307986996,
  "max_drawdown_duration": 146.0,
  "annualized_vol": 62793726.876555994,
  "var_95": 503096.78040165524,
  "expected_shortfall_95": 972805.4821088314,
  "fill_rate": 2.105099663473984,
  "cancel_rate": 0.8892645815722738,
  "is_bps": 0.9904569345661879,
  "vwap_diff_bps": -2.3264689133642285,
  "avg_slippage_bps": -0.7412419407378568,
  "avg_market_impact_bps": 0.40316200250547873,
  "timing_score": 0.7075098814229249,
  "partial_fill_rate": 0.001267962806424345,
  "maker_fill_ratio": 0.0,
  "avg_latency_ms": 1.4948215938894376,
  "annualized_turnover": 66.68472497142734,
  "avg_holding_period": 5041.0,
  "iqm_return": -1.7122868344695303
}