{
  "n_fills": 54.0,
  "n_states": 4173.0,
  "total_realized_pnl": 159666292.8473288,
  "total_unrealized_pnl": 10638484.491873516,
  "net_pnl": 170304777.3392023,
  "total_commission": 0.0,
  "total_slippage": 430886.1434780905,
  "total_impact": 213197.22939024173,
  "sharpe_ratio": 5.675332562892339,
  "sortino_ratio": 2593.875322750425,
  "calmar_ratio": 809827373.0331776,
  "max_drawdown": 0.999923760086745,
  "max_drawdown_duration": 2.0,
  "annualized_vol": 142681617.84193707,
  "var_95": 21475.50478752851,
  "expected_shortfall_95": 41784.108080739774,
  "fill_rate": 1.9634794156706508,
  "cancel_rate": 0.9840472673559822,
  "is_bps": 1.9962322689747602,
  "vwap_diff_bps": 5.70398766483567,
  "avg_slippage_bps": -0.34173932417725356,
  "avg_market_impact_bps": 1.1320578305034386,
  "timing_score": 0.6666666666666666,
  "partial_fill_rate": 0.0,
  "maker_fill_ratio": 0.0,
  "avg_latency_ms": 1.496126665194034,
  "annualized_turnover": 76.73359781927951,
  "avg_holding_period": 4165.0,
  "iqm_return": -1.5532368795378393,
  "alpha_contribution": 0.0,
  "execution_contribution": 1917755.0888431512,
  "cost_contribution": -430886.1434780905,
  "timing_contribution": -2053.6136687348676,
  "alpha_fraction": 0.0
}