{
  "n_fills": 162.0,
  "n_states": 86222.0,
  "total_realized_pnl": -202769.7569146925,
  "total_unrealized_pnl": 184.72293686738703,
  "net_pnl": -2500301.901239566,
  "total_commission": 2297716.867261741,
  "total_slippage": 1069276.9446464875,
  "total_impact": 116154.10524734782,
  "sharpe_ratio": -9.667083945602661,
  "sortino_ratio": -11.786413347000614,
  "calmar_ratio": -3906716.0655751154,
  "max_drawdown": 0.9999995993521502,
  "max_drawdown_duration": 161.0,
  "annualized_vol": 404125.4345510054,
  "var_95": 45032.483391390546,
  "expected_shortfall_95": 70619.86855311795,
  "fill_rate": 1.0,
  "cancel_rate": 0.9913990427966983,
  "is_bps": 0.8878351613419333,
  "vwap_diff_bps": 40.01756208488584,
  "avg_slippage_bps": 0.20975534164828594,
  "avg_market_impact_bps": 0.3910108123526862,
  "timing_score": 0.5493827160493827,
  "partial_fill_rate": 0.00020808767427342721,
  "maker_fill_ratio": 0.0,
  "avg_latency_ms": 1.523479983716325,
  "annualized_turnover": 34.45524066339099,
  "avg_holding_period": 86222.0,
  "iqm_return": 0.3800368905120179,
  "alpha_contribution": 0.0,
  "execution_contribution": 3699822.027797076,
  "cost_contribution": -3366993.8119082283,
  "timing_contribution": -533916.3787734284,
  "alpha_fraction": -0.0
}