{
  "n_fills": 172.0,
  "n_states": 5161.0,
  "total_realized_pnl": 109740664.81830232,
  "total_unrealized_pnl": -29310972.31409717,
  "net_pnl": 76404633.6276027,
  "total_commission": 4025058.8766024495,
  "total_slippage": 2544838.0748803862,
  "total_impact": 2788414.3854196593,
  "sharpe_ratio": 1.4270646499519437,
  "sortino_ratio": 17.506457558370183,
  "calmar_ratio": 112638251.29832576,
  "max_drawdown": 0.9999991555918721,
  "max_drawdown_duration": 159.0,
  "annualized_vol": 78929960.31361574,
  "var_95": 746269.4244544505,
  "expected_shortfall_95": 1458716.815235512,
  "fill_rate": 2.1176165803108806,
  "cancel_rate": 0.9615491009681881,
  "is_bps": 9.046835931550456,
  "vwap_diff_bps": -7.539531952579445,
  "avg_slippage_bps": 2.387668530415388,
  "avg_market_impact_bps": 5.6155869125784585,
  "timing_score": 0.5872093023255814,
  "partial_fill_rate": 0.009405255878284923,
  "maker_fill_ratio": 0.0,
  "avg_latency_ms": 1.4788640676438003,
  "annualized_turnover": 59.371353243923444,
  "avg_holding_period": 2520.0,
  "iqm_return": 1.4237317906153877
}