{
  "n_fills": 45.0,
  "n_states": 5161.0,
  "total_realized_pnl": -82511.31728286663,
  "total_unrealized_pnl": 6299.325358416885,
  "net_pnl": -530094.8926464921,
  "total_commission": 453882.90072204237,
  "total_slippage": 813138.2499583237,
  "total_impact": 580958.1387382487,
  "sharpe_ratio": -2.982369776312815,
  "sortino_ratio": -6.8595770102130595,
  "calmar_ratio": -2568614.6044430314,
  "max_drawdown": 0.9999987436917159,
  "max_drawdown_duration": 43.0,
  "annualized_vol": 861265.2253493761,
  "var_95": 73154.62576787418,
  "expected_shortfall_95": 75505.1667377558,
  "fill_rate": 0.9569691300280636,
  "cancel_rate": 0.9916170903190914,
  "is_bps": 8.010590526673592,
  "vwap_diff_bps": -70.12584540001254,
  "avg_slippage_bps": 9.362051509310204,
  "avg_market_impact_bps": 9.219879290274104,
  "timing_score": 0.4444444444444444,
  "partial_fill_rate": 0.0016224986479177934,
  "maker_fill_ratio": 0.0,
  "avg_latency_ms": 1.474316591432009,
  "annualized_turnover": 23.9352998813813,
  "avg_holding_period": 5041.0,
  "iqm_return": 7.01803376786316,
  "alpha_contribution": 0.0,
  "execution_contribution": 1533552.2936069332,
  "cost_contribution": -1267021.150680366,
  "timing_contribution": -357096.057974135,
  "alpha_fraction": -0.0
}