{
  "n_fills": 135.0,
  "n_states": 5161.0,
  "total_realized_pnl": 8181247.3728375845,
  "total_unrealized_pnl": -8441031.118957216,
  "net_pnl": -1094849.1396250115,
  "total_commission": 835065.3935053801,
  "total_slippage": 934913.4457424568,
  "total_impact": 158775.09485699225,
  "sharpe_ratio": -0.18904986188895942,
  "sortino_ratio": -0.6948814623463727,
  "calmar_ratio": -2033920.370942242,
  "max_drawdown": 0.9999998987381292,
  "max_drawdown_duration": 113.0,
  "annualized_vol": 10758644.014129492,
  "var_95": 307101.11209059216,
  "expected_shortfall_95": 627111.0839953348,
  "fill_rate": 1.8217153870864118,
  "cancel_rate": 0.9706606942889138,
  "is_bps": 13.83726951684323,
  "vwap_diff_bps": 32.76936506446367,
  "avg_slippage_bps": 2.6566004147873543,
  "avg_market_impact_bps": 0.7254165134945848,
  "timing_score": 0.7481481481481481,
  "partial_fill_rate": 0.0015677491601343784,
  "maker_fill_ratio": 0.0,
  "avg_latency_ms": 1.500707413158744,
  "annualized_turnover": 15.138303872075921,
  "avg_holding_period": 5041.0,
  "iqm_return": -4.138696429123379
}