{
  "n_fills": 187.0,
  "n_states": 5161.0,
  "total_realized_pnl": 126140663.8043915,
  "total_unrealized_pnl": 193402951.808329,
  "net_pnl": 315354460.7266487,
  "total_commission": 4189154.8860717835,
  "total_slippage": 3666395.642598418,
  "total_impact": 2390927.910454313,
  "sharpe_ratio": 5.3770845164608625,
  "sortino_ratio": 70.49630817354648,
  "calmar_ratio": 1608868573.5888376,
  "max_drawdown": 0.2605562993406828,
  "max_drawdown_duration": 77.0,
  "annualized_vol": 77960619.80735685,
  "var_95": 914235.5351853988,
  "expected_shortfall_95": 1359969.7248460054,
  "fill_rate": 1.9122879602813405,
  "cancel_rate": 0.9499327052489905,
  "is_bps": 6.461065971612588,
  "vwap_diff_bps": -94.24357517387725,
  "avg_slippage_bps": 5.86951064909195,
  "avg_market_impact_bps": 4.3143926254535145,
  "timing_score": 0.5561497326203209,
  "partial_fill_rate": 0.004576043068640646,
  "maker_fill_ratio": 0.0,
  "avg_latency_ms": 1.4983795126904582,
  "annualized_turnover": 56.219063035379996,
  "avg_holding_period": 5040.0,
  "iqm_return": -0.2504259228742252
}