{
  "n_fills": 32.0,
  "n_states": 5161.0,
  "total_realized_pnl": 7696089.931421998,
  "total_unrealized_pnl": -40623.86285714386,
  "net_pnl": 7281085.975802968,
  "total_commission": 374380.0927618866,
  "total_slippage": 391063.5637575822,
  "total_impact": 239555.35073572595,
  "sharpe_ratio": 2.6636067628148035,
  "sortino_ratio": 173.63247595782224,
  "calmar_ratio": 59304090.346521094,
  "max_drawdown": 0.9999632889344187,
  "max_drawdown_duration": 28.0,
  "annualized_vol": 22263764.328148432,
  "var_95": 55050.712378911674,
  "expected_shortfall_95": 74610.56447477685,
  "fill_rate": 1.0,
  "cancel_rate": 0.9949668874172185,
  "is_bps": 3.961149261263864,
  "vwap_diff_bps": -33.176928667530106,
  "avg_slippage_bps": 8.670340579289004,
  "avg_market_impact_bps": 5.012400973562056,
  "timing_score": 0.40625,
  "partial_fill_rate": 0.0005298013245033113,
  "maker_fill_ratio": 0.0,
  "avg_latency_ms": 1.5209186795144407,
  "annualized_turnover": 28.80251991553116,
  "avg_holding_period": 2335.0,
  "iqm_return": 8.272567534256961,
  "alpha_contribution": 0.0,
  "execution_contribution": 428698.20669590135,
  "cost_contribution": -765443.6565194689,
  "timing_contribution": 229299.95753897834,
  "alpha_fraction": -0.0
}