{
  "n_fills": 25.0,
  "n_states": 5161.0,
  "total_realized_pnl": 127016169.90549721,
  "total_unrealized_pnl": 3545033.6209221166,
  "net_pnl": 129855308.22652906,
  "total_commission": 705895.2998902593,
  "total_slippage": 2002754.2011659935,
  "total_impact": 263100.8613337449,
  "sharpe_ratio": 5.820799633374877,
  "sortino_ratio": 2037.200993111676,
  "calmar_ratio": 1363628605.7408729,
  "max_drawdown": 0.99999638276468,
  "max_drawdown_duration": 8.0,
  "annualized_vol": 234267413.25309855,
  "var_95": 144993.93576232658,
  "expected_shortfall_95": 155009.6537705697,
  "fill_rate": 2.9444976076555025,
  "cancel_rate": 0.9948630136986302,
  "is_bps": 14.973168575003633,
  "vwap_diff_bps": -130.86012318461266,
  "avg_slippage_bps": 1.5445526536380338,
  "avg_market_impact_bps": 2.8496328534968107,
  "timing_score": 0.48,
  "partial_fill_rate": 0.0017123287671232876,
  "maker_fill_ratio": 0.0,
  "avg_latency_ms": 1.5148163264916505,
  "annualized_turnover": 69.81233290409934,
  "avg_holding_period": 5035.0,
  "iqm_return": -9.163132100859285
}