{
  "n_fills": 54.0,
  "n_states": 5161.0,
  "total_realized_pnl": 23157233.989890028,
  "total_unrealized_pnl": -1194538.572523098,
  "net_pnl": 21631225.062305033,
  "total_commission": 331470.35506189475,
  "total_slippage": 750002.2046675398,
  "total_impact": 700908.4024875439,
  "sharpe_ratio": 3.4819517763223873,
  "sortino_ratio": 68.59606962270551,
  "calmar_ratio": 102851257.88583116,
  "max_drawdown": 0.9999986772933017,
  "max_drawdown_duration": 29.0,
  "annualized_vol": 29538353.32906708,
  "var_95": 254780.00877846012,
  "expected_shortfall_95": 346449.9454517501,
  "fill_rate": 1.346376811594203,
  "cancel_rate": 0.9894350022967386,
  "is_bps": 23.87037850153127,
  "vwap_diff_bps": 58.50323817929572,
  "avg_slippage_bps": 10.513203970670535,
  "avg_market_impact_bps": 10.518057930170016,
  "timing_score": 0.25925925925925924,
  "partial_fill_rate": 0.004134129536058797,
  "maker_fill_ratio": 0.0,
  "avg_latency_ms": 1.5240963151518965,
  "annualized_turnover": 14.402260604623509,
  "avg_holding_period": 5041.0,
  "iqm_return": 3.3469948867309287
}