{
  "n_fills": 42.0,
  "n_states": 5161.0,
  "total_realized_pnl": 1713767.0183613554,
  "total_unrealized_pnl": 81027.81156371412,
  "net_pnl": 1638364.0788171857,
  "total_commission": 156430.75110788393,
  "total_slippage": 999801.2868904691,
  "total_impact": 40771.34139633761,
  "sharpe_ratio": 1.3755615106601178,
  "sortino_ratio": 4.5706947903659625,
  "calmar_ratio": 10151839.90502885,
  "max_drawdown": 0.9999975802378316,
  "max_drawdown_duration": 38.0,
  "annualized_vol": 7380124.597350035,
  "var_95": 74552.6618054704,
  "expected_shortfall_95": 391487.0074357673,
  "fill_rate": 0.9964317573595004,
  "cancel_rate": 0.9897854954034729,
  "is_bps": 39.761527572289275,
  "vwap_diff_bps": -30.96123646229901,
  "avg_slippage_bps": 17.306547193350244,
  "avg_market_impact_bps": 0.8796455110180927,
  "timing_score": 0.5714285714285714,
  "partial_fill_rate": 0.0002553626149131767,
  "maker_fill_ratio": 0.0,
  "avg_latency_ms": 1.498551782046388,
  "annualized_turnover": 9.465383303649595,
  "avg_holding_period": 5041.0,
  "iqm_return": 5.45942383843376,
  "alpha_contribution": 0.0,
  "execution_contribution": 674305.4151319084,
  "cost_contribution": -1156232.0379983531,
  "timing_contribution": -475883.4377752513,
  "alpha_fraction": -0.0
}