{
  "n_fills": 104.0,
  "n_states": 5161.0,
  "total_realized_pnl": 88661355.97639565,
  "total_unrealized_pnl": -10168646.255130269,
  "net_pnl": 76522587.53900394,
  "total_commission": 1970122.182261439,
  "total_slippage": 2305286.0788040278,
  "total_impact": 2866768.0968051893,
  "sharpe_ratio": 1.7801872984444547,
  "sortino_ratio": 23.15534259750428,
  "calmar_ratio": 819123161.3561337,
  "max_drawdown": 0.19883216858587938,
  "max_drawdown_duration": 41.0,
  "annualized_vol": 91489268.94022721,
  "var_95": 788513.1389631314,
  "expected_shortfall_95": 1564598.6227097164,
  "fill_rate": 2.0612176252943155,
  "cancel_rate": 0.9793545325106787,
  "is_bps": 16.537257143046318,
  "vwap_diff_bps": -40.5342110966966,
  "avg_slippage_bps": 2.4619401209271174,
  "avg_market_impact_bps": 8.656458691242413,
  "timing_score": 0.3557692307692308,
  "partial_fill_rate": 0.0049833887043189366,
  "maker_fill_ratio": 0.0,
  "avg_latency_ms": 1.5018240873974071,
  "annualized_turnover": 46.7456517293008,
  "avg_holding_period": 5039.0,
  "iqm_return": 1.0007237789090029
}