{
  "n_fills": 11.0,
  "n_states": 5161.0,
  "total_realized_pnl": -285808.7633455545,
  "total_unrealized_pnl": -18834.13129151985,
  "net_pnl": -470283.0003185839,
  "total_commission": 165640.1056815096,
  "total_slippage": 612903.8423213692,
  "total_impact": 35857.25868215,
  "sharpe_ratio": -4.092470433240628,
  "sortino_ratio": -5.2119821138640114,
  "calmar_ratio": -11535608.969474774,
  "max_drawdown": 0.9999985250889817,
  "max_drawdown_duration": 10.0,
  "annualized_vol": 2818735.5641671745,
  "var_95": 318469.03135916067,
  "expected_shortfall_95": 394835.8718765037,
  "fill_rate": 0.893687707641196,
  "cancel_rate": 0.9977006208323752,
  "is_bps": 17.595128208031557,
  "vwap_diff_bps": 40.10838577490436,
  "avg_slippage_bps": 45.91833266489008,
  "avg_market_impact_bps": 1.920484229192035,
  "timing_score": 0.7272727272727273,
  "partial_fill_rate": 0.00022993791676247414,
  "maker_fill_ratio": 0.0,
  "avg_latency_ms": 1.496541407385761,
  "annualized_turnover": 38.29897464813268,
  "avg_holding_period": 5041.0,
  "iqm_return": 5.411366516179272,
  "alpha_contribution": 0.0,
  "execution_contribution": 531916.0531248362,
  "cost_contribution": -778543.9480028788,
  "timing_contribution": -247597.71978290024,
  "alpha_fraction": -0.0
}