{
  "n_fills": 89.0,
  "n_states": 5161.0,
  "total_realized_pnl": 123771565.17451459,
  "total_unrealized_pnl": -21997583.354895502,
  "net_pnl": 100346266.2774834,
  "total_commission": 1427715.542135688,
  "total_slippage": 6319962.763024338,
  "total_impact": 6613927.941406957,
  "sharpe_ratio": 2.714656963786579,
  "sortino_ratio": 40.2301568809724,
  "calmar_ratio": 287384196.23623586,
  "max_drawdown": 0.999997860606197,
  "max_drawdown_duration": 52.0,
  "annualized_vol": 105863681.94654183,
  "var_95": 931188.2817156016,
  "expected_shortfall_95": 1700346.5831168653,
  "fill_rate": 1.6250709018718095,
  "cancel_rate": 0.9803508771929824,
  "is_bps": 50.00930808432443,
  "vwap_diff_bps": -23.962401480364168,
  "avg_slippage_bps": 22.514182896316484,
  "avg_market_impact_bps": 28.436562297323775,
  "timing_score": 0.16853932584269662,
  "partial_fill_rate": 0.004210526315789474,
  "maker_fill_ratio": 0.0,
  "avg_latency_ms": 1.4825960787946073,
  "annualized_turnover": 40.55749478744915,
  "avg_holding_period": 5040.0,
  "iqm_return": 21.796325067860238
}