{
  "n_fills": 79.0,
  "n_states": 5161.0,
  "total_realized_pnl": 9587860.830330038,
  "total_unrealized_pnl": -390.35255372780375,
  "net_pnl": 8495834.84121431,
  "total_commission": 1091635.6365620005,
  "total_slippage": 1725148.188605789,
  "total_impact": 437087.7309840992,
  "sharpe_ratio": 1.1854447887842352,
  "sortino_ratio": 17.271569968247643,
  "calmar_ratio": 96536056.10489601,
  "max_drawdown": 0.08539161316063226,
  "max_drawdown_duration": 77.0,
  "annualized_vol": 6953819.896932174,
  "var_95": 88346.95279011698,
  "expected_shortfall_95": 110299.47384426976,
  "fill_rate": 1.0,
  "cancel_rate": 0.9759862778730704,
  "is_bps": 6.484971680055413,
  "vwap_diff_bps": 65.15970968833285,
  "avg_slippage_bps": 15.209049664075492,
  "avg_market_impact_bps": 3.067452139504907,
  "timing_score": 0.5316455696202531,
  "partial_fill_rate": 0.0010291595197255575,
  "maker_fill_ratio": 0.0,
  "avg_latency_ms": 1.4967065077382142,
  "annualized_turnover": 33.17959061382808,
  "avg_holding_period": 5040.0,
  "iqm_return": 2.9891028078833375,
  "alpha_contribution": 0.0,
  "execution_contribution": 3302858.3561012056,
  "cost_contribution": -2816783.8251677896,
  "timing_contribution": -688771.347782991,
  "alpha_fraction": -0.0
}