{
  "n_fills": 8.0,
  "n_states": 5161.0,
  "total_realized_pnl": -249289.154579842,
  "total_unrealized_pnl": 154223.9548494994,
  "net_pnl": -180969.15622266242,
  "total_commission": 85903.9564923198,
  "total_slippage": 315172.4972718673,
  "total_impact": 75168.04737809586,
  "sharpe_ratio": -3.2900510526391695,
  "sortino_ratio": -5.109983287805457,
  "calmar_ratio": -6493081.385172613,
  "max_drawdown": 0.9999973869547575,
  "max_drawdown_duration": 7.0,
  "annualized_vol": 1973545.1865552878,
  "var_95": 175618.18982377395,
  "expected_shortfall_95": 217655.9907947036,
  "fill_rate": 1.0,
  "cancel_rate": 0.9986675549633578,
  "is_bps": 11.181404659362821,
  "vwap_diff_bps": -102.85186314558628,
  "avg_slippage_bps": 20.077265038481723,
  "avg_market_impact_bps": 5.158357972027618,
  "timing_score": 0.625,
  "partial_fill_rate": 0.00022207417277370642,
  "maker_fill_ratio": 0.0,
  "avg_latency_ms": 1.4529133941581405,
  "annualized_turnover": 28.37567090144336,
  "avg_holding_period": 5037.0,
  "iqm_return": 11.26823546419653,
  "alpha_contribution": 0.0,
  "execution_contribution": 38298.084798066644,
  "cost_contribution": -401076.4537641871,
  "timing_contribution": 138289.55655993667,
  "alpha_fraction": -0.0
}