{
  "n_fills": 110.0,
  "n_states": 2087.0,
  "total_realized_pnl": 19666711.75990935,
  "total_unrealized_pnl": -1747348.4902473162,
  "net_pnl": 16068968.073775338,
  "total_commission": 1850395.195886696,
  "total_slippage": 761783.0148671705,
  "total_impact": 113127.38553011049,
  "sharpe_ratio": 1.2356780929793627,
  "sortino_ratio": 53.13665936166494,
  "calmar_ratio": 37161663.71477409,
  "max_drawdown": 0.9999754732073822,
  "max_drawdown_duration": 89.0,
  "annualized_vol": 30073165.875066984,
  "var_95": 136593.6019159257,
  "expected_shortfall_95": 159445.93221674333,
  "fill_rate": 1.1821082341391582,
  "cancel_rate": 0.8186356073211315,
  "is_bps": 1.0145391375758623,
  "vwap_diff_bps": -1.8384377911799223,
  "avg_slippage_bps": 0.3226944980607892,
  "avg_market_impact_bps": 0.4979622241550237,
  "timing_score": 0.5181818181818182,
  "partial_fill_rate": 0.0033277870216306157,
  "maker_fill_ratio": 0.0,
  "avg_latency_ms": 1.4899317929659395,
  "annualized_turnover": 41.080063862488934,
  "avg_holding_period": 2083.0,
  "iqm_return": 0.8939653450946129
}