{
  "n_fills": 56.0,
  "n_states": 5161.0,
  "total_realized_pnl": -400494.1916119099,
  "total_unrealized_pnl": 4899.987250472477,
  "net_pnl": -1024402.0008293597,
  "total_commission": 628807.7964679224,
  "total_slippage": 565060.0805147288,
  "total_impact": 87047.66956898887,
  "sharpe_ratio": -5.918073396736013,
  "sortino_ratio": -6.899816548280004,
  "calmar_ratio": -4652797.363207088,
  "max_drawdown": 0.9999991082447774,
  "max_drawdown_duration": 55.0,
  "annualized_vol": 786200.6606097331,
  "var_95": 72253.91888884413,
  "expected_shortfall_95": 153764.07175772212,
  "fill_rate": 1.0,
  "cancel_rate": 0.9750692520775623,
  "is_bps": 4.1551742950032935,
  "vwap_diff_bps": 21.41304110792732,
  "avg_slippage_bps": 2.4936941022809833,
  "avg_market_impact_bps": 0.82537212492518,
  "timing_score": 0.5892857142857143,
  "partial_fill_rate": 0.0004616805170821791,
  "maker_fill_ratio": 0.0,
  "avg_latency_ms": 1.510445428850701,
  "annualized_turnover": 27.478549706624328,
  "avg_holding_period": 5041.0,
  "iqm_return": 1.4778254221519982,
  "alpha_contribution": 0.0,
  "execution_contribution": 1300150.4199966704,
  "cost_contribution": -1193867.8769826512,
  "timing_contribution": -592142.3524918164,
  "alpha_fraction": -0.0
}