{
  "n_fills": 191.0,
  "n_states": 5161.0,
  "total_realized_pnl": 44757978.40659273,
  "total_unrealized_pnl": -36509993.94362983,
  "net_pnl": 5680479.351581024,
  "total_commission": 2567505.111381872,
  "total_slippage": 4275507.282218352,
  "total_impact": 4011750.803089838,
  "sharpe_ratio": 0.1337073085185731,
  "sortino_ratio": 1.944045711342117,
  "calmar_ratio": 7560824.047292595,
  "max_drawdown": 0.9999997989957488,
  "max_drawdown_duration": 131.0,
  "annualized_vol": 56547563.56481856,
  "var_95": 740420.1897114249,
  "expected_shortfall_95": 880480.8884555241,
  "fill_rate": 1.6528323051037577,
  "cancel_rate": 0.9611021069692058,
  "is_bps": 16.771915714955156,
  "vwap_diff_bps": 16.38966096003084,
  "avg_slippage_bps": 7.4640497646845905,
  "avg_market_impact_bps": 8.118627336710905,
  "timing_score": 0.6020942408376964,
  "partial_fill_rate": 0.010804970286331712,
  "maker_fill_ratio": 0.0,
  "avg_latency_ms": 1.5113375476008897,
  "annualized_turnover": 33.34981734548167,
  "avg_holding_period": 5041.0,
  "iqm_return": 6.30030337585588
}