{
  "n_fills": 36.0,
  "n_states": 5161.0,
  "total_realized_pnl": -1205409.4627261464,
  "total_unrealized_pnl": 19362.172284644214,
  "net_pnl": -1758466.017914507,
  "total_commission": 572418.7274730046,
  "total_slippage": 1121464.2850082922,
  "total_impact": 763689.9855553806,
  "sharpe_ratio": -3.6435111919440692,
  "sortino_ratio": -4.505235799876113,
  "calmar_ratio": -12494550.780789811,
  "max_drawdown": 0.9999995855557505,
  "max_drawdown_duration": 35.0,
  "annualized_vol": 3429259.564268931,
  "var_95": 222606.03469363926,
  "expected_shortfall_95": 608656.1663665975,
  "fill_rate": 1.0,
  "cancel_rate": 0.992360768851651,
  "is_bps": 22.468634006119952,
  "vwap_diff_bps": -127.58761077731418,
  "avg_slippage_bps": 16.144909329755453,
  "avg_market_impact_bps": 11.689062695451835,
  "timing_score": 0.25,
  "partial_fill_rate": 0.0002464268112370626,
  "maker_fill_ratio": 0.0,
  "avg_latency_ms": 1.5183706127573944,
  "annualized_turnover": 38.14888951785402,
  "avg_holding_period": 5041.0,
  "iqm_return": 9.911506050150857,
  "alpha_contribution": 0.0,
  "execution_contribution": 1656543.0843817021,
  "cost_contribution": -1693883.012481297,
  "timing_contribution": -1070638.6161356906,
  "alpha_fraction": -0.0
}