{
  "n_fills": 165.0,
  "n_states": 5161.0,
  "total_realized_pnl": 5394977.219723438,
  "total_unrealized_pnl": -1346236.7568495052,
  "net_pnl": 2520629.0241602017,
  "total_commission": 1528111.4387137312,
  "total_slippage": 1149867.1127775356,
  "total_impact": 1071812.0211379873,
  "sharpe_ratio": 0.47036530791464093,
  "sortino_ratio": 3.5570702938374668,
  "calmar_ratio": 3893918.07823925,
  "max_drawdown": 0.9999933337652465,
  "max_drawdown_duration": 159.0,
  "annualized_vol": 8278442.425379445,
  "var_95": 179359.82209899026,
  "expected_shortfall_95": 214508.59959211404,
  "fill_rate": 1.3794999345464065,
  "cancel_rate": 0.9523391812865497,
  "is_bps": 9.22910960838964,
  "vwap_diff_bps": -36.253386975884034,
  "avg_slippage_bps": 5.479594664893408,
  "avg_market_impact_bps": 3.1925038681508284,
  "timing_score": 0.49696969696969695,
  "partial_fill_rate": 0.003216374269005848,
  "maker_fill_ratio": 0.0,
  "avg_latency_ms": 1.4935501071894643,
  "annualized_turnover": 22.84822460521417,
  "avg_holding_period": 2520.0,
  "iqm_return": 2.139979760125935
}