group,baseline,metric,n_baseline,n_group,mean_baseline,mean_group,delta,p_value,significance,cohens_d
inv_only,no_penalty,mean_val_sharpe,5,5,0.3374427573211208,0.47320278200131727,0.1357600246801965,0.018199162280017896,*,2.1213502757737195
turn_only,no_penalty,mean_val_sharpe,5,5,0.3374427573211208,0.32176150130161,-0.01568125601951076,0.7244653276433319,n.s.,-0.2333616401264841
both,no_penalty,mean_val_sharpe,5,5,0.3374427573211208,0.5113669349046793,0.17392417758355855,0.05287726123408461,n.s.,1.495346089678791
