variant,metric,n,mean,std,ci_lower,ci_upper,median,iqm
no_penalty,mean_val_sharpe,5,0.3374427573211208,0.08348415281869652,0.2609569657006181,0.3886408580940193,0.3602272322533828,0.36108683534446473
no_penalty,mean_val_pnl,5,123.58229166742476,88.99021504553991,64.25257692441586,199.06544099935482,89.695607242642,101.35764579474473
inv_only,mean_val_sharpe,5,0.47320278200131727,0.03495174897607622,0.4467414461107895,0.49966411789184495,0.46675093422520453,0.47715701425472723
inv_only,mean_val_pnl,5,210.73864335396985,94.01718210028433,136.27447923178545,282.99344729977787,205.0074089013747,205.61911871864856
turn_only,mean_val_sharpe,5,0.32176150130161,0.04540189329584101,0.28687448697726275,0.3562109917324225,0.3288912828117192,0.31773752011742845
turn_only,mean_val_pnl,5,142.17344980821974,47.43603850211053,105.58688656293711,178.7600130535024,134.54705179311978,145.2927010602349
both,mean_val_sharpe,5,0.5113669349046793,0.14172711761851597,0.41310251166766976,0.6291945842278953,0.466326305081415,0.47959156943396336
both,mean_val_pnl,5,234.38441717901142,89.6569037031767,165.71453146389143,304.47473875478994,199.35849836153844,221.01350143974025
