{
  "n_fills": 94.0,
  "n_states": 5161.0,
  "total_realized_pnl": 75611790.7170737,
  "total_unrealized_pnl": -6007412.132321233,
  "net_pnl": 69197958.26063491,
  "total_commission": 406420.3241175358,
  "total_slippage": 400112.80377403746,
  "total_impact": 301751.90835086186,
  "sharpe_ratio": 3.0022793488172623,
  "sortino_ratio": 56.77964216739358,
  "calmar_ratio": 2489455751.726336,
  "max_drawdown": 0.07514173265271222,
  "max_drawdown_duration": 48.0,
  "annualized_vol": 62306666.6400212,
  "var_95": 413022.63641807734,
  "expected_shortfall_95": 653050.5167237163,
  "fill_rate": 1.780817843866171,
  "cancel_rate": 0.9803875787999066,
  "is_bps": 10.830855456593598,
  "vwap_diff_bps": -27.00553759062785,
  "avg_slippage_bps": -3.272393168610205,
  "avg_market_impact_bps": 2.091293190969171,
  "timing_score": 0.648936170212766,
  "partial_fill_rate": 0.0018678496381041327,
  "maker_fill_ratio": 0.0,
  "avg_latency_ms": 1.5184214259250728,
  "annualized_turnover": 10.478353113343443,
  "avg_holding_period": 5041.0,
  "iqm_return": -4.919061714417831
}