{
  "n_fills": 106.0,
  "n_states": 5161.0,
  "total_realized_pnl": 1969821.717224216,
  "total_unrealized_pnl": 7940.902732864022,
  "net_pnl": 734835.9976550904,
  "total_commission": 1242926.6223019897,
  "total_slippage": 1403887.8222012704,
  "total_impact": 1222574.9305433102,
  "sharpe_ratio": 0.37130989641880663,
  "sortino_ratio": 4.324761431175338,
  "calmar_ratio": 2427699.384769318,
  "max_drawdown": 0.7629750849033071,
  "max_drawdown_duration": 102.0,
  "annualized_vol": 4988485.796039399,
  "var_95": 66372.34937804218,
  "expected_shortfall_95": 93689.2392715594,
  "fill_rate": 0.992,
  "cancel_rate": 0.9682702149437052,
  "is_bps": 10.060475769501664,
  "vwap_diff_bps": -5.129985724800569,
  "avg_slippage_bps": 8.918324813950466,
  "avg_market_impact_bps": 7.851521760265695,
  "timing_score": 0.3018867924528302,
  "partial_fill_rate": 0.008700102354145343,
  "maker_fill_ratio": 0.0,
  "avg_latency_ms": 1.5149701213266584,
  "annualized_turnover": 28.56233889079096,
  "avg_holding_period": 516.0,
  "iqm_return": 8.920665076429216,
  "alpha_contribution": 0.0,
  "execution_contribution": 2451951.848611512,
  "cost_contribution": -2646814.44450326,
  "timing_contribution": -1032736.8634127319,
  "alpha_fraction": -0.0
}