{
  "n_fills": 87.0,
  "n_states": 5161.0,
  "total_realized_pnl": 113898189.5706651,
  "total_unrealized_pnl": -23407040.98035757,
  "net_pnl": 88391513.0224873,
  "total_commission": 2099635.56782023,
  "total_slippage": 4686476.046211379,
  "total_impact": 6228378.268863457,
  "sharpe_ratio": 2.0892773467508565,
  "sortino_ratio": 19.813578254486366,
  "calmar_ratio": 259171464.70291,
  "max_drawdown": 0.9999960962676184,
  "max_drawdown_duration": 63.0,
  "annualized_vol": 124047893.10041593,
  "var_95": 1113742.6794508467,
  "expected_shortfall_95": 2794072.463027552,
  "fill_rate": 2.333852867830424,
  "cancel_rate": 0.9797250058261477,
  "is_bps": 30.24164311227163,
  "vwap_diff_bps": -96.58267061658762,
  "avg_slippage_bps": 15.013939988951334,
  "avg_market_impact_bps": 22.44443411594688,
  "timing_score": 0.3103448275862069,
  "partial_fill_rate": 0.0032626427406199023,
  "maker_fill_ratio": 0.0,
  "avg_latency_ms": 1.4887716813551226,
  "annualized_turnover": 62.16369372204545,
  "avg_holding_period": 5041.0,
  "iqm_return": 11.74772923008384
}