{
  "n_fills": 87.0,
  "n_states": 5161.0,
  "total_realized_pnl": -939642.3464717751,
  "total_unrealized_pnl": -2882.628590184555,
  "net_pnl": -1767060.817590958,
  "total_commission": 824535.8425289983,
  "total_slippage": 1027455.2217364954,
  "total_impact": 803791.6882907331,
  "sharpe_ratio": -9.466602100944364,
  "sortino_ratio": -9.413821107621565,
  "calmar_ratio": -5120174.052214347,
  "max_drawdown": 0.9999994277084083,
  "max_drawdown_duration": 86.0,
  "annualized_vol": 540866.8355746159,
  "var_95": 61246.06708761682,
  "expected_shortfall_95": 125469.37422180707,
  "fill_rate": 1.0,
  "cancel_rate": 0.9727435210008937,
  "is_bps": 12.29853159033758,
  "vwap_diff_bps": -14.16421976408503,
  "avg_slippage_bps": 8.542494408029446,
  "avg_market_impact_bps": 5.782292044051252,
  "timing_score": 0.4367816091954023,
  "partial_fill_rate": 0.002680965147453083,
  "maker_fill_ratio": 0.0,
  "avg_latency_ms": 1.5037022706146326,
  "annualized_turnover": 22.785866981852053,
  "avg_holding_period": 5041.0,
  "iqm_return": 5.440143265208111,
  "alpha_contribution": 0.0,
  "execution_contribution": 1948611.8138907177,
  "cost_contribution": -1851991.0642654938,
  "timing_contribution": -1027845.7443543762,
  "alpha_fraction": -0.0
}