{
  "n_fills": 86.0,
  "n_states": 5161.0,
  "total_realized_pnl": -679345.3266581235,
  "total_unrealized_pnl": 1161.8872052105144,
  "net_pnl": -1571009.0450101146,
  "total_commission": 892825.6055572014,
  "total_slippage": 1279091.285374476,
  "total_impact": 769821.375302206,
  "sharpe_ratio": -6.872483195488873,
  "sortino_ratio": -10.45597418102515,
  "calmar_ratio": -4597870.846325336,
  "max_drawdown": 0.9999994211430241,
  "max_drawdown_duration": 81.0,
  "annualized_vol": 669025.7442657383,
  "var_95": 81342.82009511131,
  "expected_shortfall_95": 98609.78764656042,
  "fill_rate": 1.0,
  "cancel_rate": 0.9818417639429312,
  "is_bps": 8.498928683325369,
  "vwap_diff_bps": 16.269674767000428,
  "avg_slippage_bps": 8.381081274059891,
  "avg_market_impact_bps": 6.431358039925393,
  "timing_score": 0.5,
  "partial_fill_rate": 0.00324254215304799,
  "maker_fill_ratio": 0.0,
  "avg_latency_ms": 1.4704580742746647,
  "annualized_turnover": 24.893605540606462,
  "avg_holding_period": 2520.0,
  "iqm_return": 8.550260930757279,
  "alpha_contribution": 0.0,
  "execution_contribution": 2094937.904383597,
  "cost_contribution": -2171916.8909316775,
  "timing_contribution": -597820.6741081666,
  "alpha_fraction": -0.0
}