{
  "n_fills": 176.0,
  "n_states": 5161.0,
  "total_realized_pnl": 105432640.47461109,
  "total_unrealized_pnl": -44985691.32117912,
  "net_pnl": 57375419.31479432,
  "total_commission": 3071529.8386376477,
  "total_slippage": 2475468.835991876,
  "total_impact": 2639641.630915793,
  "sharpe_ratio": 1.1613470145072369,
  "sortino_ratio": 19.784312111934952,
  "calmar_ratio": 82647858.63204373,
  "max_drawdown": 0.999999286731032,
  "max_drawdown_duration": 128.0,
  "annualized_vol": 71165464.45590909,
  "var_95": 944027.4203954217,
  "expected_shortfall_95": 978101.2303922722,
  "fill_rate": 1.9552,
  "cancel_rate": 0.9525157232704402,
  "is_bps": 10.722317590494924,
  "vwap_diff_bps": 13.466453938720708,
  "avg_slippage_bps": 5.089897402014853,
  "avg_market_impact_bps": 5.373540699788337,
  "timing_score": 0.3806818181818182,
  "partial_fill_rate": 0.011320754716981131,
  "maker_fill_ratio": 0.0,
  "avg_latency_ms": 1.5086243929168432,
  "annualized_turnover": 43.804310531229,
  "avg_holding_period": 5041.0,
  "iqm_return": 4.110507451903788
}