{
  "n_fills": 49.0,
  "n_states": 4173.0,
  "total_realized_pnl": 78928224.49415083,
  "total_unrealized_pnl": -1489410.82565158,
  "net_pnl": 76177878.28666562,
  "total_commission": 1260935.3818336304,
  "total_slippage": 663289.4676202178,
  "total_impact": 743412.0621346931,
  "sharpe_ratio": 4.54153333959406,
  "sortino_ratio": 253.96155968271358,
  "calmar_ratio": 400033242.1943665,
  "max_drawdown": 0.999824516941363,
  "max_drawdown_duration": 27.0,
  "annualized_vol": 88067842.56112497,
  "var_95": 277402.06672708614,
  "expected_shortfall_95": 323688.2316033393,
  "fill_rate": 1.8202692003167062,
  "cancel_rate": 0.9735278227984873,
  "is_bps": 6.275171587404242,
  "vwap_diff_bps": 19.032201774297505,
  "avg_slippage_bps": 2.8106259562958282,
  "avg_market_impact_bps": 4.847833481510688,
  "timing_score": 0.6326530612244898,
  "partial_fill_rate": 0.002701242571582928,
  "maker_fill_ratio": 0.0,
  "avg_latency_ms": 1.5315665662999254,
  "annualized_turnover": 66.46396497302707,
  "avg_holding_period": 4165.0,
  "iqm_return": 2.0985964211417176
}