{
  "n_fills": 42.0,
  "n_states": 5161.0,
  "total_realized_pnl": 9876916.692678055,
  "total_unrealized_pnl": 23392.38741749865,
  "net_pnl": 9791957.18227702,
  "total_commission": 108351.89781853356,
  "total_slippage": 174182.8783384493,
  "total_impact": 62414.93258120689,
  "sharpe_ratio": 2.450248055652409,
  "sortino_ratio": 212.3699415939716,
  "calmar_ratio": 2689289119.0280294,
  "max_drawdown": 0.02200649974795379,
  "max_drawdown_duration": 39.0,
  "annualized_vol": 24153407.726838212,
  "var_95": 35569.39857095852,
  "expected_shortfall_95": 52822.178457039096,
  "fill_rate": 0.9993514915693904,
  "cancel_rate": 0.9889110036963321,
  "is_bps": 6.665267255277018,
  "vwap_diff_bps": -18.78602009326042,
  "avg_slippage_bps": -2.1639393947705785,
  "avg_market_impact_bps": 2.268824791759196,
  "timing_score": 0.6190476190476191,
  "partial_fill_rate": 0.0002843332385555871,
  "maker_fill_ratio": 0.0,
  "avg_latency_ms": 1.4765441612247685,
  "annualized_turnover": 6.017643870903213,
  "avg_holding_period": 5041.0,
  "iqm_return": 3.0486216702133877,
  "alpha_contribution": 0.0,
  "execution_contribution": 175549.73256918267,
  "cost_contribution": -282534.7761569829,
  "timing_contribution": -19439.8063943524,
  "alpha_fraction": -0.0
}