{
  "n_fills": 90.0,
  "n_states": 20347.0,
  "total_realized_pnl": -130969.29051363771,
  "total_unrealized_pnl": -6871.384127064521,
  "net_pnl": -1626656.380372098,
  "total_commission": 1488815.7057313956,
  "total_slippage": 634614.7222602447,
  "total_impact": 67388.3255477396,
  "sharpe_ratio": -9.1135831269661,
  "sortino_ratio": -11.439467465983189,
  "calmar_ratio": -4593513.017836761,
  "max_drawdown": 0.9999994243027146,
  "max_drawdown_duration": 89.0,
  "annualized_vol": 504029.02013063215,
  "var_95": 71841.63905956729,
  "expected_shortfall_95": 90655.60978354943,
  "fill_rate": 1.0,
  "cancel_rate": 0.9933086101257659,
  "is_bps": 0.7981216277790143,
  "vwap_diff_bps": 19.803898157981852,
  "avg_slippage_bps": 2.345573391609318,
  "avg_market_impact_bps": 0.3923641058108102,
  "timing_score": 0.6111111111111112,
  "partial_fill_rate": 8.061915511125443e-05,
  "maker_fill_ratio": 0.0,
  "avg_latency_ms": 1.5212041653421542,
  "annualized_turnover": 40.2865957098164,
  "avg_holding_period": 20347.0,
  "iqm_return": 1.9157079457002482,
  "alpha_contribution": 0.0,
  "execution_contribution": 1703860.5749651932,
  "cost_contribution": -2123430.4279916403,
  "timing_contribution": 283982.11582203506,
  "alpha_fraction": -0.0
}