{
  "n_fills": 241.0,
  "n_states": 5161.0,
  "total_realized_pnl": 98393673.59777689,
  "total_unrealized_pnl": -17830520.44626809,
  "net_pnl": 76603212.63095644,
  "total_commission": 3959940.5205523623,
  "total_slippage": 2024462.7278301003,
  "total_impact": 1034825.3049583129,
  "sharpe_ratio": 1.1170254304047431,
  "sortino_ratio": 28.40132841288015,
  "calmar_ratio": 80445893.36269921,
  "max_drawdown": 0.9999993356993426,
  "max_drawdown_duration": 215.0,
  "annualized_vol": 72017912.69272232,
  "var_95": 532214.530764377,
  "expected_shortfall_95": 637914.0444749432,
  "fill_rate": 2.5949023861171367,
  "cancel_rate": 0.9578284052350945,
  "is_bps": 3.2888641423825677,
  "vwap_diff_bps": -13.282376000358925,
  "avg_slippage_bps": -2.583412693479449,
  "avg_market_impact_bps": 1.396112383812841,
  "timing_score": 0.6182572614107884,
  "partial_fill_rate": 0.022297624818225885,
  "maker_fill_ratio": 0.0,
  "avg_latency_ms": 1.4900287531015666,
  "annualized_turnover": 41.026780479868926,
  "avg_holding_period": 2519.0,
  "iqm_return": -4.59008822639009
}