{
  "n_fills": 56.0,
  "n_states": 5161.0,
  "total_realized_pnl": 8970673.557377767,
  "total_unrealized_pnl": 2165.2177482646657,
  "net_pnl": 8417696.729714805,
  "total_commission": 555142.0454112261,
  "total_slippage": 969706.7887717539,
  "total_impact": 465054.94870082714,
  "sharpe_ratio": -6.432844644119643,
  "sortino_ratio": -6.549731576736713,
  "calmar_ratio": -83104474.76601906,
  "max_drawdown": 0.08467434413901945,
  "max_drawdown_duration": 55.0,
  "annualized_vol": 1093888.8291454096,
  "var_95": 142681.65101626606,
  "expected_shortfall_95": 256963.11172861047,
  "fill_rate": 1.0,
  "cancel_rate": 0.9878608923884514,
  "is_bps": 22.57194012121948,
  "vwap_diff_bps": -22.27754605545391,
  "avg_slippage_bps": 7.303183084737881,
  "avg_market_impact_bps": 5.301946948668898,
  "timing_score": 0.375,
  "partial_fill_rate": 0.0016404199475065617,
  "maker_fill_ratio": 0.0,
  "avg_latency_ms": 1.4893929322067858,
  "annualized_turnover": 23.6932479171494,
  "avg_holding_period": 5039.0,
  "iqm_return": 5.411805466347552,
  "alpha_contribution": 0.0,
  "execution_contribution": 2292454.9533302663,
  "cost_contribution": -1524848.83418298,
  "timing_contribution": -1771576.102792503,
  "alpha_fraction": -0.0
}