{
  "n_fills": 69.0,
  "n_states": 5161.0,
  "total_realized_pnl": 75520556.96356332,
  "total_unrealized_pnl": -2086143.86921822,
  "net_pnl": 71538798.57657155,
  "total_commission": 1895614.517773557,
  "total_slippage": 1932967.8317512947,
  "total_impact": 519027.2308117116,
  "sharpe_ratio": 2.3863415317780126,
  "sortino_ratio": 78.39912419116536,
  "calmar_ratio": 3648241611.56982,
  "max_drawdown": 0.06267548079549244,
  "max_drawdown_duration": 21.0,
  "annualized_vol": 95818345.37024313,
  "var_95": 551708.9416498264,
  "expected_shortfall_95": 594471.942807138,
  "fill_rate": 2.4684962195463456,
  "cancel_rate": 0.983176645225136,
  "is_bps": 4.986588565877288,
  "vwap_diff_bps": 4.116164343239506,
  "avg_slippage_bps": -0.8977720965017688,
  "avg_market_impact_bps": 2.0988511591881114,
  "timing_score": 0.7681159420289855,
  "partial_fill_rate": 0.0019792182088075212,
  "maker_fill_ratio": 0.0,
  "avg_latency_ms": 1.5021950042064973,
  "annualized_turnover": 67.2450496631287,
  "avg_holding_period": 5041.0,
  "iqm_return": -4.669348537057189
}