{
  "n_fills": 30.0,
  "n_states": 5161.0,
  "total_realized_pnl": -49522.17163617839,
  "total_unrealized_pnl": -21876.417112298543,
  "net_pnl": -637628.98712571,
  "total_commission": 566230.3983772331,
  "total_slippage": 710966.6738386794,
  "total_impact": 43357.65033473848,
  "sharpe_ratio": -6.353026991738516,
  "sortino_ratio": -9.212954154651085,
  "calmar_ratio": -5442551.726941983,
  "max_drawdown": 0.9999984882272952,
  "max_drawdown_duration": 26.0,
  "annualized_vol": 856685.0898191254,
  "var_95": 119597.05390332273,
  "expected_shortfall_95": 138791.71161834206,
  "fill_rate": 1.0,
  "cancel_rate": 0.9888030888030888,
  "is_bps": -0.9323383515672268,
  "vwap_diff_bps": 33.029274878780555,
  "avg_slippage_bps": -0.46730896524064197,
  "avg_market_impact_bps": 0.7711829613937335,
  "timing_score": 0.7333333333333333,
  "partial_fill_rate": 0.0003861003861003861,
  "maker_fill_ratio": 0.0,
  "avg_latency_ms": 1.4819439733817636,
  "annualized_turnover": 46.133434777630946,
  "avg_holding_period": 5039.0,
  "iqm_return": -0.7267664098795013,
  "alpha_contribution": 0.0,
  "execution_contribution": 1211191.012563045,
  "cost_contribution": -1277197.0722159124,
  "timing_contribution": 40260.68426636206,
  "alpha_fraction": -0.0
}