{
  "n_fills": 219.0,
  "n_states": 5161.0,
  "total_realized_pnl": 46124202.35105984,
  "total_unrealized_pnl": -20795692.493915625,
  "net_pnl": 23226016.485336278,
  "total_commission": 2102493.371807938,
  "total_slippage": 2297153.3609436243,
  "total_impact": 2249870.5729371924,
  "sharpe_ratio": 0.7174543544756113,
  "sortino_ratio": 11.939623750210371,
  "calmar_ratio": 26871223.15641257,
  "max_drawdown": 0.9999989955062506,
  "max_drawdown_duration": 156.0,
  "annualized_vol": 37453527.178153485,
  "var_95": 397437.8003067691,
  "expected_shortfall_95": 515733.331465077,
  "fill_rate": 1.5733923934626546,
  "cancel_rate": 0.93984,
  "is_bps": 13.35612882148518,
  "vwap_diff_bps": -16.415372401208792,
  "avg_slippage_bps": 5.8910951323093546,
  "avg_market_impact_bps": 5.692233196019772,
  "timing_score": 0.3013698630136986,
  "partial_fill_rate": 0.0208,
  "maker_fill_ratio": 0.0,
  "avg_latency_ms": 1.4902234680831736,
  "annualized_turnover": 23.707475234648435,
  "avg_holding_period": 5041.0,
  "iqm_return": 2.9959881656099685
}