{
  "n_fills": 73.0,
  "n_states": 5161.0,
  "total_realized_pnl": -1467736.5071442302,
  "total_unrealized_pnl": -73358.61789430899,
  "net_pnl": -2367045.1234459477,
  "total_commission": 825949.9984074085,
  "total_slippage": 1561342.8302588626,
  "total_impact": 926481.1256223816,
  "sharpe_ratio": -7.527846842345631,
  "sortino_ratio": -7.605375268866879,
  "calmar_ratio": -8195668.491629086,
  "max_drawdown": 0.999999592185766,
  "max_drawdown_duration": 71.0,
  "annualized_vol": 1088713.0571276473,
  "var_95": 102694.156997195,
  "expected_shortfall_95": 220673.21041218453,
  "fill_rate": 1.0,
  "cancel_rate": 0.9822580645161291,
  "is_bps": 18.626313431173994,
  "vwap_diff_bps": -8.377465385961498,
  "avg_slippage_bps": 15.36399975357871,
  "avg_market_impact_bps": 8.086175439255308,
  "timing_score": 0.3287671232876712,
  "partial_fill_rate": 0.0022580645161290325,
  "maker_fill_ratio": 0.0,
  "avg_latency_ms": 1.4754440914545617,
  "annualized_turnover": 27.775527581897506,
  "avg_holding_period": 5040.0,
  "iqm_return": 9.120945315590001,
  "alpha_contribution": 0.0,
  "execution_contribution": 2344214.247558907,
  "cost_contribution": -2387292.828666271,
  "timing_contribution": -1476417.1919752057,
  "alpha_fraction": -0.0
}