{
  "n_fills": 75.0,
  "n_states": 5161.0,
  "total_realized_pnl": 15884931.75925421,
  "total_unrealized_pnl": -3007115.866076991,
  "net_pnl": 11524026.248055192,
  "total_commission": 1353789.6451220275,
  "total_slippage": 2233526.103426841,
  "total_impact": 1979652.0307500523,
  "sharpe_ratio": 1.1669272402561075,
  "sortino_ratio": 14.90079904486229,
  "calmar_ratio": 39322695.26378777,
  "max_drawdown": 0.9999998300330758,
  "max_drawdown_duration": 58.0,
  "annualized_vol": 33697635.31409207,
  "var_95": 355612.3238310126,
  "expected_shortfall_95": 632853.4454419892,
  "fill_rate": 1.418546365914787,
  "cancel_rate": 0.9829695370592468,
  "is_bps": 21.367576130496314,
  "vwap_diff_bps": -128.1367736704773,
  "avg_slippage_bps": 9.543319783145652,
  "avg_market_impact_bps": 13.629020110387971,
  "timing_score": 0.3333333333333333,
  "partial_fill_rate": 0.0014391940513312545,
  "maker_fill_ratio": 0.0,
  "avg_latency_ms": 1.5027566268081902,
  "annualized_turnover": 44.38664103746083,
  "avg_holding_period": 5041.0,
  "iqm_return": 5.588298442216994
}