{
  "n_fills": 144.0,
  "n_states": 5161.0,
  "total_realized_pnl": -1694564.5010095693,
  "total_unrealized_pnl": 2118.60584870234,
  "net_pnl": -2765180.035504227,
  "total_commission": 1072734.1403433601,
  "total_slippage": 1910683.3875036286,
  "total_impact": 1136892.84665927,
  "sharpe_ratio": -5.153459438169738,
  "sortino_ratio": -5.569078367780576,
  "calmar_ratio": -4836533.492155429,
  "max_drawdown": 0.9999996464527846,
  "max_drawdown_duration": 143.0,
  "annualized_vol": 938501.9597496212,
  "var_95": 77133.81904367008,
  "expected_shortfall_95": 164286.9556785347,
  "fill_rate": 1.0,
  "cancel_rate": 0.9668168783285539,
  "is_bps": 16.27396930617897,
  "vwap_diff_bps": 24.060292173733945,
  "avg_slippage_bps": 17.055585299819086,
  "avg_market_impact_bps": 5.074890861200732,
  "timing_score": 0.2916666666666667,
  "partial_fill_rate": 0.007374027038099139,
  "maker_fill_ratio": 0.0,
  "avg_latency_ms": 1.515490278789593,
  "annualized_turnover": 17.94714028112098,
  "avg_holding_period": 4914.0,
  "iqm_return": 7.917958587456466,
  "alpha_contribution": 0.0,
  "execution_contribution": 3238872.8184683803,
  "cost_contribution": -2983417.5278469888,
  "timing_contribution": -1895006.6443774675,
  "alpha_fraction": -0.0
}