{
  "n_fills": 34.0,
  "n_states": 5161.0,
  "total_realized_pnl": -600059.9020587045,
  "total_unrealized_pnl": -107790.21567387029,
  "net_pnl": -919166.3189320574,
  "total_commission": 211316.20119948252,
  "total_slippage": 697619.6694791651,
  "total_impact": 333089.1040470785,
  "sharpe_ratio": -3.4561872147931876,
  "sortino_ratio": -3.662691185886083,
  "calmar_ratio": -7009892.168278593,
  "max_drawdown": 0.9999991477179684,
  "max_drawdown_duration": 15.0,
  "annualized_vol": 2028213.681211975,
  "var_95": 146522.70048574515,
  "expected_shortfall_95": 391174.21420501376,
  "fill_rate": 1.0,
  "cancel_rate": 0.9938256946093564,
  "is_bps": 38.32944034567227,
  "vwap_diff_bps": 3.48348717840484,
  "avg_slippage_bps": 22.372668711810448,
  "avg_market_impact_bps": 6.229050081678742,
  "timing_score": 0.35294117647058826,
  "partial_fill_rate": 0.0004749465685110425,
  "maker_fill_ratio": 0.0,
  "avg_latency_ms": 1.5105150035315582,
  "annualized_turnover": 15.630653327504996,
  "avg_holding_period": 5041.0,
  "iqm_return": 9.17389778054381,
  "alpha_contribution": 0.0,
  "execution_contribution": 986416.0914053038,
  "cost_contribution": -908935.8706786477,
  "timing_contribution": -939856.2803864774,
  "alpha_fraction": -0.0
}