{
  "n_fills": 182.0,
  "n_states": 5161.0,
  "total_realized_pnl": 78337314.05608195,
  "total_unrealized_pnl": -24112188.100220304,
  "net_pnl": 52285905.56182815,
  "total_commission": 1939220.3940334932,
  "total_slippage": 2647104.164833224,
  "total_impact": 2619018.8518438996,
  "sharpe_ratio": 1.0903281931103561,
  "sortino_ratio": 20.98331099017256,
  "calmar_ratio": 72863813.46445653,
  "max_drawdown": 0.9999863177242261,
  "max_drawdown_duration": 84.0,
  "annualized_vol": 66826499.56414734,
  "var_95": 368416.8045718297,
  "expected_shortfall_95": 851522.5061821133,
  "fill_rate": 1.7835201328352013,
  "cancel_rate": 0.9621736814064997,
  "is_bps": 20.020411440173497,
  "vwap_diff_bps": -49.81425503725342,
  "avg_slippage_bps": 5.46255655751019,
  "avg_market_impact_bps": 7.156969071182276,
  "timing_score": 0.5384615384615384,
  "partial_fill_rate": 0.017847629195524774,
  "maker_fill_ratio": 0.0,
  "avg_latency_ms": 1.5112019051004981,
  "annualized_turnover": 26.660593640825912,
  "avg_holding_period": 5040.0,
  "iqm_return": 0.6901916645041949
}