{
  "n_fills": 27.0,
  "n_states": 5161.0,
  "total_realized_pnl": 8647653.077339478,
  "total_unrealized_pnl": -1217448.3407753892,
  "net_pnl": 7181643.229422297,
  "total_commission": 248561.5071417917,
  "total_slippage": 813198.5250090464,
  "total_impact": 307121.6531884933,
  "sharpe_ratio": 4.304212891835251,
  "sortino_ratio": 23.654549038797455,
  "calmar_ratio": 69850832.05304673,
  "max_drawdown": 0.9999972400461572,
  "max_drawdown_duration": 12.0,
  "annualized_vol": 16228435.029427912,
  "var_95": 482784.65375583473,
  "expected_shortfall_95": 594162.5902483515,
  "fill_rate": 1.1019108280254777,
  "cancel_rate": 0.9923388913925192,
  "is_bps": 36.91560473869484,
  "vwap_diff_bps": 155.81828155948773,
  "avg_slippage_bps": 17.967613441339378,
  "avg_market_impact_bps": 7.355422165066262,
  "timing_score": 0.5185185185185185,
  "partial_fill_rate": 0.0006759801712483101,
  "maker_fill_ratio": 0.0,
  "avg_latency_ms": 1.4447296356064352,
  "annualized_turnover": 23.147301754394213,
  "avg_holding_period": 5039.0,
  "iqm_return": 3.869215355843414
}