{
  "n_fills": 109.0,
  "n_states": 2087.0,
  "total_realized_pnl": 19680106.044723578,
  "total_unrealized_pnl": -2486066.303691334,
  "net_pnl": 15951054.339257224,
  "total_commission": 1242985.4017750188,
  "total_slippage": 647990.9772866967,
  "total_impact": 90310.15497285736,
  "sharpe_ratio": 1.2317333396134664,
  "sortino_ratio": 47.02391735931643,
  "calmar_ratio": 37227225.236035556,
  "max_drawdown": 0.9999735489949555,
  "max_drawdown_duration": 86.0,
  "annualized_vol": 30222645.87739024,
  "var_95": 145956.1652903642,
  "expected_shortfall_95": 181781.02409015657,
  "fill_rate": 1.1647149460708783,
  "cancel_rate": 0.8604651162790697,
  "is_bps": 1.41774336782343,
  "vwap_diff_bps": 10.313447340228302,
  "avg_slippage_bps": 0.2683693459885757,
  "avg_market_impact_bps": 0.4189202027020777,
  "timing_score": 0.5596330275229358,
  "partial_fill_rate": 0.002583979328165375,
  "maker_fill_ratio": 0.0,
  "avg_latency_ms": 1.5060182306210848,
  "annualized_turnover": 32.449852517466006,
  "avg_holding_period": 2083.0,
  "iqm_return": 0.8619138411236699
}