{
  "n_fills": 101.0,
  "n_states": 5161.0,
  "total_realized_pnl": 9365444.760503406,
  "total_unrealized_pnl": 0.0,
  "net_pnl": 7926601.157594785,
  "total_commission": 1438843.6029086206,
  "total_slippage": 872298.2782197056,
  "total_impact": 39957.18072187355,
  "sharpe_ratio": -1.7558475705689118,
  "sortino_ratio": -5.152359890448763,
  "calmar_ratio": -25233536.88710264,
  "max_drawdown": 0.12151700147900468,
  "max_drawdown_duration": 94.0,
  "annualized_vol": 1746338.2303949415,
  "var_95": 91030.65605199915,
  "expected_shortfall_95": 159657.7732796276,
  "fill_rate": 1.0,
  "cancel_rate": 0.9289732770745429,
  "is_bps": 2.5483083796027257,
  "vwap_diff_bps": -46.46072006793327,
  "avg_slippage_bps": 2.81860464084523,
  "avg_market_impact_bps": 0.21733705180583862,
  "timing_score": 0.6633663366336634,
  "partial_fill_rate": 0.0,
  "maker_fill_ratio": 0.0,
  "avg_latency_ms": 1.4681016375747868,
  "annualized_turnover": 34.31012015997887,
  "avg_holding_period": 5041.0,
  "iqm_return": 4.164490925859659,
  "alpha_contribution": 0.0,
  "execution_contribution": 1652617.7263178492,
  "cost_contribution": -2311141.881128326,
  "timing_contribution": -149679.98404225265,
  "alpha_fraction": -0.0
}