{
  "n_fills": 59.0,
  "n_states": 4071.0,
  "total_realized_pnl": -242398.5499661291,
  "total_unrealized_pnl": 96168.72072267666,
  "net_pnl": -1021901.4592334825,
  "total_commission": 875671.6299900301,
  "total_slippage": 361443.8507064624,
  "total_impact": 37890.78557072446,
  "sharpe_ratio": -9.095390604542208,
  "sortino_ratio": -12.329900368707467,
  "calmar_ratio": -4421110.468669837,
  "max_drawdown": 0.9999991261346488,
  "max_drawdown_duration": 58.0,
  "annualized_vol": 486082.104380069,
  "var_95": 67161.6645755109,
  "expected_shortfall_95": 79955.35754181113,
  "fill_rate": 1.0,
  "cancel_rate": 0.9738651994497937,
  "is_bps": 1.764248628535709,
  "vwap_diff_bps": 31.358668244382965,
  "avg_slippage_bps": 1.2172348305924174,
  "avg_market_impact_bps": 0.332683285358946,
  "timing_score": 0.5932203389830508,
  "partial_fill_rate": 0.0,
  "maker_fill_ratio": 0.0,
  "avg_latency_ms": 1.4807392426941455,
  "annualized_turnover": 36.2354522870002,
  "avg_holding_period": 4071.0,
  "iqm_return": 1.7274213721140257,
  "alpha_contribution": 0.0,
  "execution_contribution": 1330976.1897074743,
  "cost_contribution": -1237115.4806964924,
  "timing_contribution": -337966.38103820774,
  "alpha_fraction": -0.0
}