{
  "n_fills": 226.0,
  "n_states": 5161.0,
  "total_realized_pnl": 49125903.11850585,
  "total_unrealized_pnl": -23478025.17057333,
  "net_pnl": 21897221.05992419,
  "total_commission": 3750656.8880083314,
  "total_slippage": 4834301.969121649,
  "total_impact": 4854582.432893943,
  "sharpe_ratio": 0.4816294818466781,
  "sortino_ratio": 9.180555084205746,
  "calmar_ratio": 24566267.916139353,
  "max_drawdown": 0.9999999167246431,
  "max_drawdown_duration": 114.0,
  "annualized_vol": 51006565.82770207,
  "var_95": 521665.30362768937,
  "expected_shortfall_95": 611635.5127173724,
  "fill_rate": 1.6018584703359542,
  "cancel_rate": 0.923598714744734,
  "is_bps": 14.240200524295922,
  "vwap_diff_bps": -3.11815349875444,
  "avg_slippage_bps": 8.46886432352863,
  "avg_market_impact_bps": 9.844896995208268,
  "timing_score": 0.19469026548672566,
  "partial_fill_rate": 0.018921813637986434,
  "maker_fill_ratio": 0.0,
  "avg_latency_ms": 1.4848099722595618,
  "annualized_turnover": 41.78794241038192,
  "avg_holding_period": 1258.5,
  "iqm_return": 7.460407802754607
}