{
  "n_fills": 61.0,
  "n_states": 5161.0,
  "total_realized_pnl": 1469692.6370568748,
  "total_unrealized_pnl": -444.57850018516183,
  "net_pnl": 700500.6308995005,
  "total_commission": 768747.4276571892,
  "total_slippage": 2220219.108926602,
  "total_impact": 1552510.6301536465,
  "sharpe_ratio": 0.49107230843150373,
  "sortino_ratio": 3.208004700524593,
  "calmar_ratio": 2983954.4690201296,
  "max_drawdown": 0.9999159551919674,
  "max_drawdown_duration": 55.0,
  "annualized_vol": 6075894.795757514,
  "var_95": 80114.64160256895,
  "expected_shortfall_95": 228545.8713398135,
  "fill_rate": 1.0,
  "cancel_rate": 0.9839181286549707,
  "is_bps": 26.74136577925273,
  "vwap_diff_bps": -16.971552728583962,
  "avg_slippage_bps": 30.356229600661383,
  "avg_market_impact_bps": 16.52990643093834,
  "timing_score": 0.2786885245901639,
  "partial_fill_rate": 0.0029239766081871343,
  "maker_fill_ratio": 0.0,
  "avg_latency_ms": 1.5047638636513598,
  "annualized_turnover": 30.407072919579242,
  "avg_holding_period": 2496.5,
  "iqm_return": 18.15807366067507,
  "alpha_contribution": 0.0,
  "execution_contribution": 3249597.965715633,
  "cost_contribution": -2988966.5365837915,
  "timing_contribution": -2136388.44694911,
  "alpha_fraction": -0.0
}