{
  "n_fills": 58.0,
  "n_states": 5161.0,
  "total_realized_pnl": 76678391.39603616,
  "total_unrealized_pnl": -11671460.002501834,
  "net_pnl": 64486444.70863283,
  "total_commission": 520486.68490150373,
  "total_slippage": 1833337.9726619483,
  "total_impact": 525114.6844486755,
  "sharpe_ratio": 3.787919750147892,
  "sortino_ratio": 24.974714515020782,
  "calmar_ratio": 285145174.42978644,
  "max_drawdown": 0.9998531244959709,
  "max_drawdown_duration": 29.0,
  "annualized_vol": 75266455.57299341,
  "var_95": 1887599.8474998756,
  "expected_shortfall_95": 2472384.0684862235,
  "fill_rate": 1.8881789137380192,
  "cancel_rate": 0.9894096439837765,
  "is_bps": 20.22657573220509,
  "vwap_diff_bps": 92.88865055267078,
  "avg_slippage_bps": 7.640606956467528,
  "avg_market_impact_bps": 4.396009340607177,
  "timing_score": 0.5517241379310345,
  "partial_fill_rate": 0.005407841369986481,
  "maker_fill_ratio": 0.0,
  "avg_latency_ms": 1.5015907566520195,
  "annualized_turnover": 22.086820566185537,
  "avg_holding_period": 5041.0,
  "iqm_return": -5.068630916862054
}