{
  "n_fills": 88.0,
  "n_states": 5161.0,
  "total_realized_pnl": 167884126.77250007,
  "total_unrealized_pnl": -7042672.553659258,
  "net_pnl": 159364669.98944065,
  "total_commission": 1476784.2294001551,
  "total_slippage": 3124125.723203694,
  "total_impact": 1502924.2543419874,
  "sharpe_ratio": 3.4878623974841707,
  "sortino_ratio": 60.67934374691828,
  "calmar_ratio": 1342219021.1200807,
  "max_drawdown": 0.34395467835530485,
  "max_drawdown_duration": 62.0,
  "annualized_vol": 132362593.21030875,
  "var_95": 1621021.799792966,
  "expected_shortfall_95": 1677588.7858063043,
  "fill_rate": 2.1955372871403407,
  "cancel_rate": 0.9826697892271663,
  "is_bps": 14.856100352705914,
  "vwap_diff_bps": 13.769619888101209,
  "avg_slippage_bps": 4.647246855479457,
  "avg_market_impact_bps": 5.447262953557206,
  "timing_score": 0.6022727272727273,
  "partial_fill_rate": 0.006323185011709602,
  "maker_fill_ratio": 0.0,
  "avg_latency_ms": 1.5065575409520888,
  "annualized_turnover": 41.123289686891916,
  "avg_holding_period": 5041.0,
  "iqm_return": -2.2443744875428004
}