{
  "n_fills": 30.0,
  "n_states": 5161.0,
  "total_realized_pnl": 9983952.672517078,
  "total_unrealized_pnl": 43083.52504335671,
  "net_pnl": 9937235.500848396,
  "total_commission": 89800.69671204017,
  "total_slippage": 118740.56144857132,
  "total_impact": 33339.11151144144,
  "sharpe_ratio": -0.23316640179393253,
  "sortino_ratio": -0.5135704816099387,
  "calmar_ratio": -17949226.18456942,
  "max_drawdown": 0.0051568976662307526,
  "max_drawdown_duration": 23.0,
  "annualized_vol": 396979.6759297188,
  "var_95": 31940.834252398075,
  "expected_shortfall_95": 36478.68395630643,
  "fill_rate": 0.9704797047970479,
  "cancel_rate": 0.9936755047433714,
  "is_bps": -7.448704217477236,
  "vwap_diff_bps": -45.01298597075064,
  "avg_slippage_bps": 8.075363806436496,
  "avg_market_impact_bps": 1.2182725377974484,
  "timing_score": 0.5666666666666667,
  "partial_fill_rate": 0.00048649963512527365,
  "maker_fill_ratio": 0.0,
  "avg_latency_ms": 1.4804078412012251,
  "annualized_turnover": 7.899624003157975,
  "avg_holding_period": 5041.0,
  "iqm_return": 7.380958424452055,
  "alpha_contribution": 0.0,
  "execution_contribution": 97148.12773165306,
  "cost_contribution": -208541.2581606115,
  "timing_contribution": 125740.26439532916,
  "alpha_fraction": 0.0
}