{
  "n_fills": 194.0,
  "n_states": 5161.0,
  "total_realized_pnl": 54890632.40660542,
  "total_unrealized_pnl": -32440368.75815036,
  "net_pnl": 19360953.660715044,
  "total_commission": 3089309.9877400175,
  "total_slippage": 6121022.205519768,
  "total_impact": 4448809.917024513,
  "sharpe_ratio": 0.6372928686156681,
  "sortino_ratio": 7.259281428717077,
  "calmar_ratio": 25280212.081161752,
  "max_drawdown": 0.9999991195106669,
  "max_drawdown_duration": 159.0,
  "annualized_vol": 39668088.358055025,
  "var_95": 546334.1754034379,
  "expected_shortfall_95": 954266.200568711,
  "fill_rate": 1.6816772860340967,
  "cancel_rate": 0.942938209331652,
  "is_bps": 16.319404969238725,
  "vwap_diff_bps": -14.967929661725458,
  "avg_slippage_bps": 3.9775884996184177,
  "avg_market_impact_bps": 8.900146122300228,
  "timing_score": 0.27319587628865977,
  "partial_fill_rate": 0.006305170239596469,
  "maker_fill_ratio": 0.0,
  "avg_latency_ms": 1.5009243217410155,
  "annualized_turnover": 40.19368688183814,
  "avg_holding_period": 5041.0,
  "iqm_return": 7.98972643301555
}