{
  "n_fills": 253.0,
  "n_states": 5161.0,
  "total_realized_pnl": 30779450.56010482,
  "total_unrealized_pnl": -35209513.09489222,
  "net_pnl": -7271571.344837568,
  "total_commission": 2841508.81005017,
  "total_slippage": 8009779.271354913,
  "total_impact": 7078119.908745196,
  "sharpe_ratio": -0.320510846770202,
  "sortino_ratio": -2.4409339459220023,
  "calmar_ratio": -7225505.069486358,
  "max_drawdown": 0.9999999746084219,
  "max_drawdown_duration": 166.0,
  "annualized_vol": 22543714.070306905,
  "var_95": 537822.3020767365,
  "expected_shortfall_95": 757940.1944909402,
  "fill_rate": 1.1159114857744994,
  "cancel_rate": 0.4416475972540046,
  "is_bps": 28.05330380782306,
  "vwap_diff_bps": -2.047580159226709,
  "avg_slippage_bps": 24.055141021383587,
  "avg_market_impact_bps": 20.2074906271468,
  "timing_score": 0.05928853754940711,
  "partial_fill_rate": 0.12356979405034325,
  "maker_fill_ratio": 0.0,
  "avg_latency_ms": 1.4906975633778938,
  "annualized_turnover": 28.85086233846719,
  "avg_holding_period": 358.35714285714283,
  "iqm_return": 20.512579909581625
}