{
  "n_fills": 79.0,
  "n_states": 5161.0,
  "total_realized_pnl": 463164.3624296868,
  "total_unrealized_pnl": -6042.381621778768,
  "net_pnl": -909115.2901183381,
  "total_commission": 1366237.2709262462,
  "total_slippage": 538201.8889916356,
  "total_impact": 45327.89277585421,
  "sharpe_ratio": -2.9222813132229555,
  "sortino_ratio": -4.889174015996421,
  "calmar_ratio": -2923139.359234005,
  "max_drawdown": 0.9999993284409626,
  "max_drawdown_duration": 78.0,
  "annualized_vol": 1000292.9502188998,
  "var_95": 73878.33772301889,
  "expected_shortfall_95": 137754.3576466677,
  "fill_rate": 1.0,
  "cancel_rate": 0.9335038363171355,
  "is_bps": -3.7552148745147464,
  "vwap_diff_bps": -5.550499227558121,
  "avg_slippage_bps": 0.9075881396964616,
  "avg_market_impact_bps": 0.2998628373834726,
  "timing_score": 0.759493670886076,
  "partial_fill_rate": 0.0,
  "maker_fill_ratio": 0.0,
  "avg_latency_ms": 1.5169572938367455,
  "annualized_turnover": 42.07554174409057,
  "avg_holding_period": 5041.0,
  "iqm_return": 1.403210792096906,
  "alpha_contribution": 0.0,
  "execution_contribution": 1372907.9083115594,
  "cost_contribution": -1904439.1599178817,
  "timing_contribution": 851934.5784125392,
  "alpha_fraction": 0.0
}